endTime,artistName,trackName,msPlayed,Ano,Mês,Dia,Dia da Semana,tempo,horas,tempo_Escutado(hr),tempo_Escutado(min),Parte do dia
2020-07-20 02:13:00,Aura Lumin,Nature Ambient,0,2020,Julho,20,Segunda-feira,02:13:00,2,0.0,0.0,Madrugada
2020-07-20 02:15:00,Aura Lumin,Nature Ambient,95910,2020,Julho,20,Segunda-feira,02:15:00,2,0.026641666666666668,1.5985,Madrugada
2020-07-20 02:16:00,Aura Lumin,the Light,43381,2020,Julho,20,Segunda-feira,02:16:00,2,0.012050277777777778,0.7230166666666666,Madrugada
2020-07-20 02:24:00,Aura Lumin,Destiny,236592,2020,Julho,20,Segunda-feira,02:24:00,2,0.06572,3.9432,Madrugada
2020-07-20 07:02:00,Neewton,Dawn,64349,2020,Julho,20,Segunda-feira,07:02:00,7,0.017874722222222222,1.0724833333333332,Manhã
2020-07-20 07:04:00,Neewton,Rocks,112135,2020,Julho,20,Segunda-feira,07:04:00,7,0.03114861111111111,1.8689166666666666,Manhã
2020-07-20 07:07:00,Neewton,Force,135615,2020,Julho,20,Segunda-feira,07:07:00,7,0.037670833333333334,2.26025,Manhã
2020-07-20 07:09:00,Neewton,Karma,57483,2020,Julho,20,Segunda-feira,07:09:00,7,0.0159675,0.95805,Manhã
2020-07-20 13:17:00,Tarek Shah,Changes,120001,2020,Julho,20,Segunda-feira,13:17:00,13,0.03333361111111111,2.0000166666666668,Tarde
2020-07-20 13:18:00,Tarek Shah,Hong Kong,13141,2020,Julho,20,Segunda-feira,13:18:00,13,0.003650277777777778,0.21901666666666667,Tarde
2020-07-20 13:21:00,Tarek Shah,Slide,89932,2020,Julho,20,Segunda-feira,13:21:00,13,0.02498111111111111,1.4988666666666666,Tarde
2020-07-21 01:49:00,Tarek Shah,Esperanca,22612,2020,Julho,21,Terça-feira,01:49:00,1,0.0062811111111111114,0.3768666666666667,Madrugada
2021-05-15 04:25:00,Azzura,Scream and Shout - Extended Mix,204,2021,Maio,15,Sábado,04:25:00,4,5.6666666666666664e-05,0.0034,Madrugada
2021-05-15 04:25:00,Azzura,Scream and Shout - Extended Mix,82678,2021,Maio,15,Sábado,04:25:00,4,0.02296611111111111,1.3779666666666666,Madrugada
2021-05-15 04:40:00,Azzura,Scream and Shout - Extended Mix,8665,2021,Maio,15,Sábado,04:40:00,4,0.0024069444444444446,0.14441666666666667,Madrugada
2021-05-15 04:45:00,Akronus,Breaking Me,18403,2021,Maio,15,Sábado,04:45:00,4,0.005111944444444444,0.3067166666666667,Madrugada
2021-05-16 21:43:00,ATB,Your Love (9PM) - Tiësto Remix,1520,2021,Maio,16,Domingo,21:43:00,21,0.0004222222222222222,0.025333333333333333,Noite
2021-05-19 18:35:00,Kova,Roses - Remake,73496,2021,Maio,19,Quarta-feira,18:35:00,18,0.020415555555555555,1.2249333333333334,Madrugada
2021-07-01 22:11:00,Broiler,Wild Eyes,6015,2021,Julho,1,Quinta-feira,22:11:00,22,0.0016708333333333334,0.10025,Noite
2021-07-01 22:11:00,Dang3r,Dancin,74217,2021,Julho,1,Quinta-feira,22:11:00,22,0.020615833333333333,1.23695,Noite
2021-07-01 22:14:00,Lost Frequencies,Are You With Me,138013,2021,Julho,1,Quinta-feira,22:14:00,22,0.038336944444444444,2.3002166666666666,Noite
2021-07-01 22:17:00,Jonas Blue,Fast Car - Club Mix,143514,2021,Julho,1,Quinta-feira,22:17:00,22,0.039865,2.3919,Noite
2021-07-01 22:18:00,Ed Sheeran,Photograph - Felix Jaehn Remix,29016,2021,Julho,1,Quinta-feira,22:18:00,22,0.00806,0.4836,Noite
2021-07-01 22:21:00,Dimitri Vegas & Like Mike,Higher Place - Radio Edit,174010,2021,Julho,1,Quinta-feira,22:21:00,22,0.048336111111111114,2.900166666666667,Noite
2021-07-01 22:23:00,Klangkarussell,Sonnentanz - Sun Don't Shine,112696,2021,Julho,1,Quinta-feira,22:23:00,22,0.03130444444444445,1.8782666666666668,Noite
2021-07-01 22:24:00,Robin Schulz,Sun Goes Down (feat. Jasmine Thompson) - Radio Mix,58305,2021,Julho,1,Quinta-feira,22:24:00,22,0.016195833333333333,0.97175,Noite
2021-07-01 22:26:00,Chris Malinchak,So Good to Me - Radio Edit,158677,2021,Julho,1,Quinta-feira,22:26:00,22,0.044076944444444446,2.644616666666667,Noite
2021-07-01 22:27:00,Basto,Hold You - Radio Edit,56581,2021,Julho,1,Quinta-feira,22:27:00,22,0.015716944444444443,0.9430166666666666,Noite
2021-07-01 22:28:00,Alle Farben,Sometimes,57536,2021,Julho,1,Quinta-feira,22:28:00,22,0.01598222222222222,0.9589333333333333,Noite
2021-07-01 22:32:00,The Temper Trap,Sweet Disposition (Vintage Culture & Lazy Bear Remix),225234,2021,Julho,1,Quinta-feira,22:32:00,22,0.062565,3.7539,Noite
2021-07-01 22:36:00,Duke Dumont,Ocean Drive,206320,2021,Julho,1,Quinta-feira,22:36:00,22,0.05731111111111111,3.4386666666666668,Noite
2021-07-01 22:41:00,Billie Eilish,when the party's over,196070,2021,Julho,1,Quinta-feira,22:41:00,22,0.05446388888888889,3.2678333333333334,Noite
2021-07-01 22:44:00,Maverick Sabre,Slow Down (feat. Jorja Smith) - Vintage Culture & Slow Motion Remix,181302,2021,Julho,1,Quinta-feira,22:44:00,22,0.050361666666666666,3.0217,Noite
2021-07-01 22:49:00,Vintage Culture,I Will Find,224724,2021,Julho,1,Quinta-feira,22:49:00,22,0.06242333333333333,3.7454,Noite
2021-07-01 23:08:00,Koradize,Baile da Roosevelt (Pam Pararam),181290,2021,Julho,1,Quinta-feira,23:08:00,23,0.05035833333333333,3.0215,Madrugada
2021-07-03 00:22:00,Koradize,Baile da Roosevelt (Pam Pararam),2252,2021,Julho,3,Sábado,00:22:00,0,0.0006255555555555555,0.037533333333333335,Madrugada
2021-07-03 00:30:00,Satin Jackets,You Make Me Feel Good - Original Mix,427805,2021,Julho,3,Sábado,00:30:00,0,0.11883472222222222,7.130083333333333,Madrugada
2021-07-03 00:33:00,illusionize,First Time,183996,2021,Julho,3,Sábado,00:33:00,0,0.05111,3.0666,Madrugada
2021-07-03 00:39:00,RÜFÜS DU SOL,Treat You Better - Cassian Remix,290934,2021,Julho,3,Sábado,00:39:00,0,0.080815,4.8489,Madrugada
2021-07-03 00:45:00,VINNE,I Won't Let You Down,197603,2021,Julho,3,Sábado,00:45:00,0,0.05488972222222222,3.2933833333333333,Madrugada
2021-07-03 00:48:00,Gabe,Caught in Between - Remix,194810,2021,Julho,3,Sábado,00:48:00,0,0.05411388888888889,3.2468333333333335,Madrugada
2021-07-03 01:02:00,Vintage Culture,Losing - Remix,275390,2021,Julho,3,Sábado,01:02:00,1,0.07649722222222222,4.589833333333333,Madrugada
2021-07-03 01:12:00,RÜFÜS DU SOL,Innerbloom,20254,2021,Julho,3,Sábado,01:12:00,1,0.005626111111111111,0.3375666666666667,Madrugada
2021-07-04 16:44:00,RÜFÜS DU SOL,Innerbloom,558915,2021,Julho,4,Domingo,16:44:00,16,0.15525416666666667,9.31525,Tarde
2021-07-04 16:51:00,RÜFÜS DU SOL,Eyes - Cassian & Durante Remix,343591,2021,Julho,4,Domingo,16:51:00,16,0.09544194444444444,5.726516666666667,Tarde
2021-07-04 16:54:00,SAINt JHN,Roses - Imanbek Remix,176840,2021,Julho,4,Domingo,16:54:00,16,0.04912222222222222,2.9473333333333334,Tarde
2021-07-04 16:59:00,Mochakk,Buttercup,3426,2021,Julho,4,Domingo,16:59:00,16,0.0009516666666666666,0.0571,Tarde
2021-07-04 16:59:00,South Soul Symphony,Let Me Show You - Jay Vegas Remix,227870,2021,Julho,4,Domingo,16:59:00,16,0.06329722222222223,3.797833333333333,Tarde
2021-07-04 16:59:00,Sono,Keep Control - ARTBAT Remix,2683,2021,Julho,4,Domingo,16:59:00,16,0.0007452777777777778,0.04471666666666667,Tarde
2021-07-04 16:59:00,Cro,oneway,1196,2021,Julho,4,Domingo,16:59:00,16,0.0003322222222222222,0.019933333333333334,Tarde
2021-07-04 16:59:00,Empire of the Sun,We Are The People - Shazam Remix,2150,2021,Julho,4,Domingo,16:59:00,16,0.0005972222222222222,0.035833333333333335,Tarde
2021-07-04 16:59:00,Lyus,Summertime Lover (feat. Michael Shynes),1398,2021,Julho,4,Domingo,16:59:00,16,0.00038833333333333336,0.0233,Tarde
2021-07-04 17:02:00,Vintage Culture,In The Dark,207262,2021,Julho,4,Domingo,17:02:00,17,0.05757277777777778,3.4543666666666666,Tarde
2021-07-04 17:14:00,Dashdot,Make It Better [ZAC & BAKKA (BR) Remix],296129,2021,Julho,4,Domingo,17:14:00,17,0.08225805555555556,4.935483333333333,Tarde
2021-07-04 17:18:00,Lykke Li,I Follow Rivers - The Magician Remix,280069,2021,Julho,4,Domingo,17:18:00,17,0.07779694444444445,4.667816666666667,Tarde
2021-07-04 17:25:00,Cherub,Doses & Mimosas,323253,2021,Julho,4,Domingo,17:25:00,17,0.0897925,5.38755,Tarde
2021-07-04 17:28:00,Kungs,This Girl (Kungs Vs. Cookin' On 3 Burners),195546,2021,Julho,4,Domingo,17:28:00,17,0.054318333333333337,3.2591,Tarde
2021-07-04 17:34:00,Coldplay,Fix You - Live,300653,2021,Julho,4,Domingo,17:34:00,17,0.08351472222222223,5.010883333333333,Tarde
2021-07-04 17:39:00,Dubdogz,Pumped up Kicks (feat. Joy Corporation),342356,2021,Julho,4,Domingo,17:39:00,17,0.09509888888888889,5.705933333333333,Tarde
2021-07-04 17:47:00,The Temper Trap,Sweet Disposition (Vintage Culture & Lazy Bear Remix),225234,2021,Julho,4,Domingo,17:47:00,17,0.062565,3.7539,Tarde
2021-07-04 17:50:00,Duke Dumont,Ocean Drive,206320,2021,Julho,4,Domingo,17:50:00,17,0.05731111111111111,3.4386666666666668,Tarde
2021-07-04 17:55:00,Billie Eilish,when the party's over,196070,2021,Julho,4,Domingo,17:55:00,17,0.05446388888888889,3.2678333333333334,Tarde
2021-07-04 17:58:00,Maverick Sabre,Slow Down (feat. Jorja Smith) - Vintage Culture & Slow Motion Remix,181302,2021,Julho,4,Domingo,17:58:00,17,0.050361666666666666,3.0217,Tarde
2021-07-04 18:01:00,Vintage Culture,I Will Find,224724,2021,Julho,4,Domingo,18:01:00,18,0.06242333333333333,3.7454,Madrugada
2021-07-04 18:03:00,Koradize,Baile da Roosevelt (Pam Pararam),61389,2021,Julho,4,Domingo,18:03:00,18,0.0170525,1.02315,Madrugada
2021-07-05 21:17:00,Koradize,Baile da Roosevelt (Pam Pararam),59441,2021,Julho,5,Segunda-feira,21:17:00,21,0.016511388888888888,0.9906833333333334,Noite
2021-07-06 18:22:00,Koradize,Baile da Roosevelt (Pam Pararam),4624,2021,Julho,6,Terça-feira,18:22:00,18,0.0012844444444444444,0.07706666666666667,Madrugada
2021-07-06 18:25:00,Kungs,This Girl (Kungs Vs. Cookin' On 3 Burners),195546,2021,Julho,6,Terça-feira,18:25:00,18,0.054318333333333337,3.2591,Madrugada
2021-07-06 18:29:00,The Temper Trap,Sweet Disposition (Vintage Culture & Lazy Bear Remix),225234,2021,Julho,6,Terça-feira,18:29:00,18,0.062565,3.7539,Madrugada
2021-07-06 18:35:00,RÜFÜS DU SOL,Innerbloom,295130,2021,Julho,6,Terça-feira,18:35:00,18,0.08198055555555556,4.918833333333334,Madrugada
2021-07-06 18:57:00,RÜFÜS DU SOL,Innerbloom,282908,2021,Julho,6,Terça-feira,18:57:00,18,0.07858555555555556,4.715133333333333,Madrugada
2021-07-06 18:59:00,Billie Eilish,when the party's over,14768,2021,Julho,6,Terça-feira,18:59:00,18,0.004102222222222222,0.24613333333333334,Madrugada
2021-07-06 19:10:00,Mochakk,Buttercup,278709,2021,Julho,6,Terça-feira,19:10:00,19,0.07741916666666666,4.64515,Noite
2021-07-06 19:15:00,Cherub,Doses & Mimosas,323253,2021,Julho,6,Terça-feira,19:15:00,19,0.0897925,5.38755,Noite
2021-07-06 19:21:00,Dubdogz,Pumped up Kicks (feat. Joy Corporation),916,2021,Julho,6,Terça-feira,19:21:00,19,0.00025444444444444446,0.015266666666666666,Noite
2021-07-06 19:21:00,Dashdot,Make It Better [ZAC & BAKKA (BR) Remix],296129,2021,Julho,6,Terça-feira,19:21:00,19,0.08225805555555556,4.935483333333333,Noite
2021-07-06 21:04:00,Dubdogz,Pumped up Kicks (feat. Joy Corporation),145103,2021,Julho,6,Terça-feira,21:04:00,21,0.04030638888888889,2.4183833333333333,Noite
2021-07-06 21:11:00,Dubdogz,Pumped up Kicks (feat. Joy Corporation),339509,2021,Julho,6,Terça-feira,21:11:00,21,0.09430805555555556,5.658483333333334,Noite
2021-07-06 21:20:00,Sono,Keep Control - ARTBAT Remix,483902,2021,Julho,6,Terça-feira,21:20:00,21,0.13441722222222222,8.065033333333334,Noite
2021-07-06 21:21:00,Duke Dumont,Ocean Drive,56170,2021,Julho,6,Terça-feira,21:21:00,21,0.015602777777777778,0.9361666666666667,Noite
2021-07-06 21:27:00,Duke Dumont,Ocean Drive,150150,2021,Julho,6,Terça-feira,21:27:00,21,0.04170833333333333,2.5025,Noite
2021-07-06 21:35:00,Satin Jackets,You Make Me Feel Good - Original Mix,427759,2021,Julho,6,Terça-feira,21:35:00,21,0.11882194444444444,7.129316666666667,Noite
2021-07-06 21:41:00,RÜFÜS DU SOL,Eyes - Cassian & Durante Remix,343591,2021,Julho,6,Terça-feira,21:41:00,21,0.09544194444444444,5.726516666666667,Noite
2021-07-06 21:44:00,Lyus,Summertime Lover (feat. Michael Shynes),185806,2021,Julho,6,Terça-feira,21:44:00,21,0.05161277777777778,3.0967666666666664,Noite
2021-07-06 21:50:00,RÜFÜS DU SOL,Treat You Better - Cassian Remix,290934,2021,Julho,6,Terça-feira,21:50:00,21,0.080815,4.8489,Noite
2021-07-06 21:53:00,SAINt JHN,Roses - Imanbek Remix,176840,2021,Julho,6,Terça-feira,21:53:00,21,0.04912222222222222,2.9473333333333334,Noite
2021-07-06 21:58:00,Vintage Culture,Losing - Remix,275390,2021,Julho,6,Terça-feira,21:58:00,21,0.07649722222222222,4.589833333333333,Noite
2021-07-06 22:03:00,Lykke Li,I Follow Rivers - The Magician Remix,280069,2021,Julho,6,Terça-feira,22:03:00,22,0.07779694444444445,4.667816666666667,Noite
2021-07-06 22:04:00,Cro,oneway,44577,2021,Julho,6,Terça-feira,22:04:00,22,0.0123825,0.74295,Noite
2021-07-06 22:05:00,João Gomes,Meu Pedaço de Pecado,2092,2021,Julho,6,Terça-feira,22:05:00,22,0.0005811111111111111,0.034866666666666664,Noite
2021-07-06 22:05:00,João Gomes,Meu Pedaço de Pecado,8686,2021,Julho,6,Terça-feira,22:05:00,22,0.0024127777777777776,0.14476666666666665,Noite
2021-07-06 22:05:00,João Gomes,Meu Pedaço de Pecado,18773,2021,Julho,6,Terça-feira,22:05:00,22,0.005214722222222222,0.31288333333333335,Noite
2021-07-06 22:05:00,João Gomes,Meu Pedaço de Pecado,2433,2021,Julho,6,Terça-feira,22:05:00,22,0.0006758333333333333,0.04055,Noite
2021-07-06 22:05:00,Cro,oneway,8564,2021,Julho,6,Terça-feira,22:05:00,22,0.0023788888888888887,0.14273333333333332,Noite
2021-07-06 22:11:00,Dubdogz,Pumped up Kicks (feat. Joy Corporation),342356,2021,Julho,6,Terça-feira,22:11:00,22,0.09509888888888889,5.705933333333333,Noite
2021-07-06 22:29:00,Dashdot,Make It Better [ZAC & BAKKA (BR) Remix],286582,2021,Julho,6,Terça-feira,22:29:00,22,0.07960611111111111,4.776366666666667,Noite
2021-07-06 22:54:00,Dashdot,Make It Better [ZAC & BAKKA (BR) Remix],10614,2021,Julho,6,Terça-feira,22:54:00,22,0.002948333333333333,0.1769,Noite
2021-07-06 23:02:00,Satin Jackets,You Make Me Feel Good - Original Mix,427805,2021,Julho,6,Terça-feira,23:02:00,23,0.11883472222222222,7.130083333333333,Madrugada
2021-07-06 23:07:00,The Temper Trap,Sweet Disposition (Vintage Culture & Lazy Bear Remix),225234,2021,Julho,6,Terça-feira,23:07:00,23,0.062565,3.7539,Madrugada
2021-07-06 23:11:00,Vintage Culture,Losing - Remix,275390,2021,Julho,6,Terça-feira,23:11:00,23,0.07649722222222222,4.589833333333333,Madrugada
2021-07-06 23:38:00,Lykke Li,I Follow Rivers - The Magician Remix,77550,2021,Julho,6,Terça-feira,23:38:00,23,0.021541666666666667,1.2925,Madrugada
2021-07-07 01:28:00,Lykke Li,I Follow Rivers - The Magician Remix,205044,2021,Julho,7,Quarta-feira,01:28:00,1,0.05695666666666667,3.4174,Madrugada
2021-07-07 01:33:00,Cherub,Doses & Mimosas,323253,2021,Julho,7,Quarta-feira,01:33:00,1,0.0897925,5.38755,Madrugada
2021-07-07 01:51:00,Sono,Keep Control - ARTBAT Remix,131550,2021,Julho,7,Quarta-feira,01:51:00,1,0.03654166666666667,2.1925,Madrugada
2021-07-07 13:56:00,Sono,Keep Control - ARTBAT Remix,353491,2021,Julho,7,Quarta-feira,13:56:00,13,0.09819194444444444,5.891516666666667,Tarde
2021-07-07 13:59:00,VINNE,I Won't Let You Down,197603,2021,Julho,7,Quarta-feira,13:59:00,13,0.05488972222222222,3.2933833333333333,Tarde
2021-07-07 14:04:00,Vintage Culture,I Will Find,224724,2021,Julho,7,Quarta-feira,14:04:00,14,0.06242333333333333,3.7454,Tarde
2021-07-07 14:08:00,RÜFÜS DU SOL,Eyes - Cassian & Durante Remix,285449,2021,Julho,7,Quarta-feira,14:08:00,14,0.07929138888888888,4.757483333333333,Tarde
2021-07-07 20:27:00,RÜFÜS DU SOL,Eyes - Cassian & Durante Remix,58143,2021,Julho,7,Quarta-feira,20:27:00,20,0.016150833333333333,0.96905,Noite
2021-07-07 20:28:00,Billie Eilish,when the party's over,8088,2021,Julho,7,Quarta-feira,20:28:00,20,0.0022466666666666668,0.1348,Noite
2021-07-07 20:28:00,Billie Eilish,when the party's over,15638,2021,Julho,7,Quarta-feira,20:28:00,20,0.004343888888888889,0.26063333333333333,Noite
2021-07-07 20:32:00,Duke Dumont,Ocean Drive,206320,2021,Julho,7,Quarta-feira,20:32:00,20,0.05731111111111111,3.4386666666666668,Noite
2021-07-07 20:47:00,Sono,Keep Control - ARTBAT Remix,150568,2021,Julho,7,Quarta-feira,20:47:00,20,0.04182444444444444,2.5094666666666665,Noite
2021-07-07 21:35:00,Sono,Keep Control - ARTBAT Remix,334353,2021,Julho,7,Quarta-feira,21:35:00,21,0.09287583333333334,5.57255,Noite
2021-07-07 21:39:00,Gabe,Caught in Between - Remix,194810,2021,Julho,7,Quarta-feira,21:39:00,21,0.05411388888888889,3.2468333333333335,Noite
2021-07-07 21:53:00,South Soul Symphony,Let Me Show You - Jay Vegas Remix,67943,2021,Julho,7,Quarta-feira,21:53:00,21,0.018873055555555556,1.1323833333333333,Noite
2021-07-08 15:29:00,South Soul Symphony,Let Me Show You - Jay Vegas Remix,343576,2021,Julho,8,Quinta-feira,15:29:00,15,0.09543777777777777,5.726266666666667,Tarde
2021-07-08 15:34:00,VINNE,I Won't Let You Down,197603,2021,Julho,8,Quinta-feira,15:34:00,15,0.05488972222222222,3.2933833333333333,Tarde
2021-07-08 15:37:00,Vintage Culture,I Will Find,224724,2021,Julho,8,Quinta-feira,15:37:00,15,0.06242333333333333,3.7454,Tarde
2021-07-08 15:42:00,Satin Jackets,You Make Me Feel Good - Original Mix,269460,2021,Julho,8,Quinta-feira,15:42:00,15,0.07485,4.491,Tarde
2021-07-08 15:59:00,Satin Jackets,You Make Me Feel Good - Original Mix,158344,2021,Julho,8,Quinta-feira,15:59:00,15,0.043984444444444444,2.6390666666666664,Tarde
2021-07-08 16:02:00,illusionize,First Time,183996,2021,Julho,8,Quinta-feira,16:02:00,16,0.05111,3.0666,Tarde
2021-07-08 16:07:00,Vintage Culture,In The Dark,207262,2021,Julho,8,Quinta-feira,16:07:00,16,0.05757277777777778,3.4543666666666666,Tarde
2021-07-08 16:12:00,Lykke Li,I Follow Rivers - The Magician Remix,280069,2021,Julho,8,Quinta-feira,16:12:00,16,0.07779694444444445,4.667816666666667,Tarde
2021-07-08 16:18:00,RÜFÜS DU SOL,Eyes - Cassian & Durante Remix,343591,2021,Julho,8,Quinta-feira,16:18:00,16,0.09544194444444444,5.726516666666667,Tarde
2021-07-08 16:32:00,RÜFÜS DU SOL,Innerbloom,578038,2021,Julho,8,Quinta-feira,16:32:00,16,0.1605661111111111,9.633966666666666,Tarde
2021-07-08 16:36:00,Maverick Sabre,Slow Down (feat. Jorja Smith) - Vintage Culture & Slow Motion Remix,181302,2021,Julho,8,Quinta-feira,16:36:00,16,0.050361666666666666,3.0217,Tarde
2021-07-08 16:41:00,Dashdot,Make It Better [ZAC & BAKKA (BR) Remix],296129,2021,Julho,8,Quinta-feira,16:41:00,16,0.08225805555555556,4.935483333333333,Tarde
2021-07-08 16:47:00,Coldplay,Fix You - Live,300653,2021,Julho,8,Quinta-feira,16:47:00,16,0.08351472222222223,5.010883333333333,Tarde
2021-07-08 16:58:00,Koradize,Baile da Roosevelt (Pam Pararam),3951,2021,Julho,8,Quinta-feira,16:58:00,16,0.0010975,0.06585,Tarde
2021-07-08 18:09:00,Koradize,Baile da Roosevelt (Pam Pararam),3528,2021,Julho,8,Quinta-feira,18:09:00,18,0.00098,0.0588,Madrugada
2021-07-08 18:14:00,Dubdogz,Pumped up Kicks (feat. Joy Corporation),342356,2021,Julho,8,Quinta-feira,18:14:00,18,0.09509888888888889,5.705933333333333,Madrugada
2021-07-08 18:20:00,RÜFÜS DU SOL,Treat You Better - Cassian Remix,290934,2021,Julho,8,Quinta-feira,18:20:00,18,0.080815,4.8489,Madrugada
2021-07-08 18:24:00,Mochakk,Buttercup,278709,2021,Julho,8,Quinta-feira,18:24:00,18,0.07741916666666666,4.64515,Madrugada
2021-07-08 18:29:00,The Temper Trap,Sweet Disposition (Vintage Culture & Lazy Bear Remix),225234,2021,Julho,8,Quinta-feira,18:29:00,18,0.062565,3.7539,Madrugada
2021-07-08 18:41:00,Kungs,This Girl (Kungs Vs. Cookin' On 3 Burners),89602,2021,Julho,8,Quinta-feira,18:41:00,18,0.024889444444444443,1.4933666666666667,Madrugada
2021-07-08 21:36:00,Kungs,This Girl (Kungs Vs. Cookin' On 3 Burners),107161,2021,Julho,8,Quinta-feira,21:36:00,21,0.029766944444444443,1.7860166666666666,Noite
2021-07-08 21:39:00,SAINt JHN,Roses - Imanbek Remix,176840,2021,Julho,8,Quinta-feira,21:39:00,21,0.04912222222222222,2.9473333333333334,Noite
2021-07-08 21:45:00,Empire of the Sun,We Are The People - Shazam Remix,344491,2021,Julho,8,Quinta-feira,21:45:00,21,0.09569194444444444,5.741516666666667,Noite
2021-07-08 21:50:00,Cherub,Doses & Mimosas,14690,2021,Julho,8,Quinta-feira,21:50:00,21,0.004080555555555555,0.24483333333333332,Noite
2021-07-08 21:50:00,Vintage Culture,Losing - Remix,275343,2021,Julho,8,Quinta-feira,21:50:00,21,0.07648416666666667,4.58905,Noite
2021-07-08 22:02:00,Cherub,Doses & Mimosas,321906,2021,Julho,8,Quinta-feira,22:02:00,22,0.08941833333333334,5.3651,Noite
2021-07-08 22:06:00,Lyus,Summertime Lover (feat. Michael Shynes),185806,2021,Julho,8,Quinta-feira,22:06:00,22,0.05161277777777778,3.0967666666666664,Noite
2021-07-08 22:08:00,Billie Eilish,when the party's over,4193,2021,Julho,8,Quinta-feira,22:08:00,22,0.0011647222222222222,0.06988333333333334,Noite
2021-07-08 22:12:00,Vintage Culture,In The Dark,207262,2021,Julho,8,Quinta-feira,22:12:00,22,0.05757277777777778,3.4543666666666666,Noite
2021-07-08 22:16:00,VINNE,Alive,169832,2021,Julho,8,Quinta-feira,22:16:00,22,0.047175555555555554,2.8305333333333333,Noite
2021-07-08 22:33:00,Mochakk,Buttercup,254459,2021,Julho,8,Quinta-feira,22:33:00,22,0.07068305555555555,4.240983333333333,Noite
2021-07-08 23:00:00,Mochakk,Buttercup,7892,2021,Julho,8,Quinta-feira,23:00:00,23,0.002192222222222222,0.13153333333333334,Madrugada
2021-07-08 23:00:00,Mochakk,Buttercup,18409,2021,Julho,8,Quinta-feira,23:00:00,23,0.005113611111111111,0.3068166666666667,Madrugada
2021-07-08 23:04:00,illusionize,Fé,180731,2021,Julho,8,Quinta-feira,23:04:00,23,0.050203055555555556,3.012183333333333,Madrugada
2021-07-08 23:07:00,Perez,And I,189458,2021,Julho,8,Quinta-feira,23:07:00,23,0.05262722222222222,3.1576333333333335,Madrugada
2021-07-08 23:28:00,Perez,And I,70187,2021,Julho,8,Quinta-feira,23:28:00,23,0.01949638888888889,1.1697833333333334,Madrugada
2021-07-08 23:32:00,Ntjam Rosie,Sailing Out - Slow Motion & Gabe Remix,218872,2021,Julho,8,Quinta-feira,23:32:00,23,0.06079777777777778,3.647866666666667,Madrugada
2021-07-08 23:36:00,Alok,Hear Me Tonight,188500,2021,Julho,8,Quinta-feira,23:36:00,23,0.05236111111111111,3.1416666666666666,Madrugada
2021-07-08 23:40:00,Vintage Culture,Colour of My Heart,206333,2021,Julho,8,Quinta-feira,23:40:00,23,0.057314722222222225,3.4388833333333335,Madrugada
2021-07-08 23:41:00,Dashdot,Make It Better [ZAC & BAKKA (BR) Remix],92214,2021,Julho,8,Quinta-feira,23:41:00,23,0.025615,1.5369,Madrugada
2021-07-09 15:29:00,Dashdot,Make It Better [ZAC & BAKKA (BR) Remix],203915,2021,Julho,9,Sexta-feira,15:29:00,15,0.05664305555555556,3.3985833333333333,Tarde
2021-07-09 15:33:00,Vintage Culture,Human (Remix),211024,2021,Julho,9,Sexta-feira,15:33:00,15,0.058617777777777776,3.5170666666666666,Tarde
2021-07-09 15:36:00,Shouse,Love Tonight - Vintage Culture & Kiko Franco Remix Edit,15727,2021,Julho,9,Sexta-feira,15:36:00,15,0.004368611111111111,0.26211666666666666,Tarde
2021-07-09 15:36:00,KVSH,Can't Get Over You,142432,2021,Julho,9,Sexta-feira,15:36:00,15,0.039564444444444444,2.373866666666667,Tarde
2021-07-09 15:39:00,Shouse,Love Tonight - Vintage Culture & Kiko Franco Remix Edit,191249,2021,Julho,9,Sexta-feira,15:39:00,15,0.05312472222222222,3.1874833333333332,Tarde
2021-07-09 15:43:00,Jetlag Music,Crazy In Ibiza,160637,2021,Julho,9,Sexta-feira,15:43:00,15,0.04462138888888889,2.6772833333333335,Tarde
2021-07-09 15:46:00,Devochka,She Wanna,167812,2021,Julho,9,Sexta-feira,15:46:00,15,0.046614444444444444,2.796866666666667,Tarde
2021-07-09 15:49:00,Bob Sinclar,World Hold On (Radio Edit) [Vintage Culture & Dubdogz Remix],172061,2021,Julho,9,Sexta-feira,15:49:00,15,0.047794722222222225,2.8676833333333334,Tarde
2021-07-09 15:52:00,Malifoo,Tell Me Something (Koradize Remix),133228,2021,Julho,9,Sexta-feira,15:52:00,15,0.03700777777777778,2.220466666666667,Tarde
2021-07-09 16:06:00,Tiësto,Coffee (Give Me Something),165842,2021,Julho,9,Sexta-feira,16:06:00,16,0.046067222222222225,2.7640333333333333,Tarde
2021-07-10 13:34:00,Tiësto,Coffee (Give Me Something),24944,2021,Julho,10,Sábado,13:34:00,13,0.006928888888888889,0.41573333333333334,Tarde
2021-07-10 13:37:00,Beowülf,Looking For,192076,2021,Julho,10,Sábado,13:37:00,13,0.05335444444444445,3.2012666666666667,Tarde
2021-07-10 13:43:00,Dubdogz,Pumped up Kicks (feat. Joy Corporation),342356,2021,Julho,10,Sábado,13:43:00,13,0.09509888888888889,5.705933333333333,Tarde
2021-07-10 13:59:00,Jetlag Music,Fly,202105,2021,Julho,10,Sábado,13:59:00,13,0.056140277777777775,3.3684166666666666,Tarde
2021-07-10 14:03:00,Evokings,Look Around (feat. Teo Kylix),227597,2021,Julho,10,Sábado,14:03:00,14,0.06322138888888888,3.793283333333333,Tarde
2021-07-10 14:07:00,Dubdogz,Always Summer,187990,2021,Julho,10,Sábado,14:07:00,14,0.05221944444444444,3.133166666666667,Tarde
2021-07-10 14:10:00,Vintage Culture,That's Why - Vintage Culture Remix,137668,2021,Julho,10,Sábado,14:10:00,14,0.03824111111111111,2.2944666666666667,Tarde
2021-07-10 14:13:00,illusionize,Booty Moove,190079,2021,Julho,10,Sábado,14:13:00,14,0.05279972222222222,3.1679833333333334,Tarde
2021-07-10 14:18:00,Stromae,Alors On Danse - DubDogz Remix,168576,2021,Julho,10,Sábado,14:18:00,14,0.04682666666666667,2.8096,Tarde
2021-07-10 14:21:00,Joy Corporation,Million Pieces (feat. Caelu),185564,2021,Julho,10,Sábado,14:21:00,14,0.05154555555555555,3.0927333333333333,Tarde
2021-07-10 14:25:00,VINNE,Clothes Off (feat. Thayana Valle),205440,2021,Julho,10,Sábado,14:25:00,14,0.05706666666666667,3.424,Tarde
2021-07-10 14:29:00,illusionize,Vennon,228625,2021,Julho,10,Sábado,14:29:00,14,0.06350694444444445,3.810416666666667,Tarde
2021-07-10 14:31:00,Vintage Culture,Losing - Remix,84741,2021,Julho,10,Sábado,14:31:00,14,0.023539166666666667,1.41235,Tarde
2021-07-10 16:27:00,Vintage Culture,Losing - Remix,190650,2021,Julho,10,Sábado,16:27:00,16,0.052958333333333336,3.1775,Tarde
2021-07-10 16:31:00,Malifoo,High,181999,2021,Julho,10,Sábado,16:31:00,16,0.050555277777777775,3.033316666666667,Tarde
2021-07-10 16:34:00,Gabe,High Like a Mtfck,200296,2021,Julho,10,Sábado,16:34:00,16,0.05563777777777778,3.3382666666666667,Tarde
2021-07-10 16:40:00,Dubdogz,Dog Days,251566,2021,Julho,10,Sábado,16:40:00,16,0.06987944444444444,4.1927666666666665,Tarde
2021-07-10 16:43:00,Mochakk,Dong,218536,2021,Julho,10,Sábado,16:43:00,16,0.06070444444444444,3.6422666666666665,Tarde
2021-07-10 18:49:00,Bob Sinclar,World Hold On (Radio Edit) [Vintage Culture & Dubdogz Remix],172061,2021,Julho,10,Sábado,18:49:00,18,0.047794722222222225,2.8676833333333334,Madrugada
2021-07-10 18:57:00,Dashdot,Make It Better [ZAC & BAKKA (BR) Remix] - Extended,461612,2021,Julho,10,Sábado,18:57:00,18,0.12822555555555556,7.693533333333333,Madrugada
2021-07-10 19:02:00,DLMT,Younger - VINNE Remix,231365,2021,Julho,10,Sábado,19:02:00,19,0.06426805555555555,3.8560833333333333,Noite
2021-07-10 19:05:00,Tiësto,The Business - Vintage Culture & Dubdogz Remix,189662,2021,Julho,10,Sábado,19:05:00,19,0.05268388888888889,3.161033333333333,Noite
2021-07-10 19:07:00,Skank,"Ainda Gosto Dela (Dubdogz, RQntz & Lowsince Remix)",33857,2021,Julho,10,Sábado,19:07:00,19,0.009404722222222222,0.5642833333333334,Noite
2021-07-10 19:10:00,Cassian,Magical (feat. ZOLLY) - Vintage Culture Remix,214354,2021,Julho,10,Sábado,19:10:00,19,0.05954277777777778,3.5725666666666664,Noite
2021-07-10 19:14:00,Becky Hill,"Heaven On My Mind (Vintage Culture, Fancy Inc Remix feat. Sigala)",236519,2021,Julho,10,Sábado,19:14:00,19,0.06569972222222223,3.9419833333333334,Noite
2021-07-10 19:17:00,Alok,Party On My Own,146500,2021,Julho,10,Sábado,19:17:00,19,0.04069444444444444,2.441666666666667,Noite
2021-07-10 19:24:00,Monolink,The Prey - Gui Boratto & Vintage Culture Remix,394953,2021,Julho,10,Sábado,19:24:00,19,0.10970916666666666,6.58255,Noite
2021-07-10 20:09:00,Monolink,The Prey - Gui Boratto & Vintage Culture Remix,5196,2021,Julho,10,Sábado,20:09:00,20,0.0014433333333333334,0.0866,Noite
2021-07-10 20:16:00,Bob Moses,Desire - Vintage Culture & Kiko Franco Remix,345932,2021,Julho,10,Sábado,20:16:00,20,0.09609222222222222,5.765533333333333,Noite
2021-07-10 20:19:00,Fancy Inc,Happy (feat. Msiz'Kay),169112,2021,Julho,10,Sábado,20:19:00,20,0.046975555555555555,2.8185333333333333,Noite
2021-07-10 20:23:00,MEDUZA,Paradise - Vintage Culture Remix,216922,2021,Julho,10,Sábado,20:23:00,20,0.060256111111111114,3.6153666666666666,Noite
2021-07-10 20:27:00,Vintage Culture,In The Dark,207262,2021,Julho,10,Sábado,20:27:00,20,0.05757277777777778,3.4543666666666666,Noite
2021-07-10 20:39:00,Winona Oak,Oxygen - Vintage Culture & Fancy Inc Remix,20001,2021,Julho,10,Sábado,20:39:00,20,0.005555833333333334,0.33335,Noite
2021-07-10 22:04:00,Winona Oak,Oxygen - Vintage Culture & Fancy Inc Remix,37873,2021,Julho,10,Sábado,22:04:00,22,0.010520277777777778,0.6312166666666666,Noite
2021-07-10 22:06:00,Winona Oak,Oxygen - Vintage Culture & Fancy Inc Remix,167969,2021,Julho,10,Sábado,22:06:00,22,0.04665805555555556,2.7994833333333333,Noite
2021-07-10 22:09:00,Fancy Inc,Happy (feat. Msiz'Kay),169112,2021,Julho,10,Sábado,22:09:00,22,0.046975555555555555,2.8185333333333333,Noite
2021-07-10 22:16:00,Vintage Culture,Sometimes,330978,2021,Julho,10,Sábado,22:16:00,22,0.09193833333333333,5.5163,Noite
2021-07-10 22:18:00,Vintage Culture,Doses & Mimosas (Vintage Culture & Zerky Remix) - Radio Edit,126559,2021,Julho,10,Sábado,22:18:00,22,0.03515527777777778,2.1093166666666665,Noite
2021-07-10 22:30:00,Vintage Culture,Doses & Mimosas (Vintage Culture & Zerky Remix) - Radio Edit,103028,2021,Julho,10,Sábado,22:30:00,22,0.028618888888888888,1.7171333333333334,Noite
2021-07-10 22:34:00,Vintage Culture,Save Me (feat. MKLA),193548,2021,Julho,10,Sábado,22:34:00,22,0.05376333333333334,3.2258,Noite
2021-07-10 22:38:00,Vintage Culture,Memories,15822,2021,Julho,10,Sábado,22:38:00,22,0.004395,0.2637,Noite
2021-07-10 22:38:00,Vintage Culture,Terrified,210838,2021,Julho,10,Sábado,22:38:00,22,0.05856611111111111,3.5139666666666667,Noite
2021-07-10 22:43:00,Vintage Culture,Memories,40466,2021,Julho,10,Sábado,22:43:00,22,0.011240555555555556,0.6744333333333333,Noite
2021-07-12 13:52:00,Vintage Culture,Memories,137264,2021,Julho,12,Segunda-feira,13:52:00,13,0.038128888888888886,2.287733333333333,Tarde
2021-07-12 13:55:00,Bob Sinclar,World Hold On (Radio Edit) [Vintage Culture & Dubdogz Remix],172061,2021,Julho,12,Segunda-feira,13:55:00,13,0.047794722222222225,2.8676833333333334,Tarde
2021-07-12 13:58:00,Becky Hill,"Heaven On My Mind (Vintage Culture, Fancy Inc Remix feat. Sigala)",236473,2021,Julho,12,Segunda-feira,13:58:00,13,0.06568694444444445,3.9412166666666666,Tarde
2021-07-12 14:03:00,Vintage Culture,Cali Dreams (feat. The Beach),221463,2021,Julho,12,Segunda-feira,14:03:00,14,0.0615175,3.69105,Tarde
2021-07-12 14:07:00,John Summit,Beauty Sleep - Vintage Culture Remix,200000,2021,Julho,12,Segunda-feira,14:07:00,14,0.05555555555555555,3.3333333333333335,Tarde
2021-07-12 14:09:00,Vintage Culture,Feeling Good,117092,2021,Julho,12,Segunda-feira,14:09:00,14,0.03252555555555556,1.9515333333333333,Tarde
2021-07-12 23:30:00,Vintage Culture,Feeling Good,92423,2021,Julho,12,Segunda-feira,23:30:00,23,0.025673055555555557,1.5403833333333334,Madrugada
2021-07-12 23:33:00,Cassian,Magical (feat. ZOLLY) - Vintage Culture Remix,214354,2021,Julho,12,Segunda-feira,23:33:00,23,0.05954277777777778,3.5725666666666664,Madrugada
2021-07-12 23:35:00,Joel Corry,Head & Heart (feat. MNEK) - Vintage Culture & Fancy Inc Remix,4044,2021,Julho,12,Segunda-feira,23:35:00,23,0.0011233333333333334,0.0674,Madrugada
2021-07-12 23:35:00,Joel Corry,Head & Heart (feat. MNEK) - Vintage Culture & Fancy Inc Remix,26827,2021,Julho,12,Segunda-feira,23:35:00,23,0.007451944444444444,0.44711666666666666,Madrugada
2021-07-12 23:39:00,Vintage Culture,In The Dark,207262,2021,Julho,12,Segunda-feira,23:39:00,23,0.05757277777777778,3.4543666666666666,Madrugada
2021-07-12 23:41:00,Bob Sinclar,World Hold On (Radio Edit) [Vintage Culture & Dubdogz Remix],172014,2021,Julho,12,Segunda-feira,23:41:00,23,0.04778166666666667,2.8669,Madrugada
2021-07-12 23:47:00,Vintage Culture,Losing - Remix,275390,2021,Julho,12,Segunda-feira,23:47:00,23,0.07649722222222222,4.589833333333333,Madrugada
2021-07-12 23:51:00,Duke Dumont,Ocean Drive,206320,2021,Julho,12,Segunda-feira,23:51:00,23,0.05731111111111111,3.4386666666666668,Madrugada
2021-07-12 23:55:00,Vintage Culture,I Will Find,200325,2021,Julho,12,Segunda-feira,23:55:00,23,0.05564583333333333,3.33875,Madrugada
2021-07-13 00:04:00,Vintage Culture,I Will Find,137945,2021,Julho,13,Terça-feira,00:04:00,0,0.03831805555555556,2.2990833333333334,Madrugada
2021-07-13 00:06:00,Vintage Culture,I Will Find,85584,2021,Julho,13,Terça-feira,00:06:00,0,0.023773333333333334,1.4264,Madrugada
2021-07-13 00:13:00,Dubdogz,Pumped up Kicks (feat. Joy Corporation),307431,2021,Julho,13,Terça-feira,00:13:00,0,0.0853975,5.12385,Madrugada
2021-07-13 14:27:00,Dubdogz,Pumped up Kicks (feat. Joy Corporation),34983,2021,Julho,13,Terça-feira,14:27:00,14,0.0097175,0.58305,Tarde
2021-07-13 14:32:00,Cherub,Doses & Mimosas,323253,2021,Julho,13,Terça-feira,14:32:00,14,0.0897925,5.38755,Tarde
2021-07-13 14:37:00,Gabe,Caught in Between - Remix,194810,2021,Julho,13,Terça-feira,14:37:00,14,0.05411388888888889,3.2468333333333335,Tarde
2021-07-13 14:40:00,SAINt JHN,Roses - Imanbek Remix,176840,2021,Julho,13,Terça-feira,14:40:00,14,0.04912222222222222,2.9473333333333334,Tarde
2021-07-13 14:43:00,Hugo & Guilherme,Coração Na Cama - Ao Vivo,2466,2021,Julho,13,Terça-feira,14:43:00,14,0.000685,0.0411,Tarde
2021-07-13 14:44:00,Josué Bom de Faixa,Deixa Eu Falar pra Você,31288,2021,Julho,13,Terça-feira,14:44:00,14,0.008691111111111111,0.5214666666666666,Tarde
2021-07-13 14:44:00,Josué Bom de Faixa,Deixa Eu Falar pra Você,5723,2021,Julho,13,Terça-feira,14:44:00,14,0.0015897222222222222,0.09538333333333333,Tarde
2021-07-13 14:51:00,Satin Jackets,You Make Me Feel Good - Original Mix,427805,2021,Julho,13,Terça-feira,14:51:00,14,0.11883472222222222,7.130083333333333,Tarde
2021-07-13 14:55:00,Kungs,This Girl (Kungs Vs. Cookin' On 3 Burners),167254,2021,Julho,13,Terça-feira,14:55:00,14,0.04645944444444444,2.7875666666666667,Tarde
2021-07-14 02:33:00,DJ Ivis,Rico Rico,16577,2021,Julho,14,Quarta-feira,02:33:00,2,0.004604722222222222,0.2762833333333333,Madrugada
2021-07-14 02:33:00,DJ Ivis,Ainda Não Acabou,27440,2021,Julho,14,Quarta-feira,02:33:00,2,0.007622222222222222,0.4573333333333333,Madrugada
2021-07-14 02:34:00,Xand Avião,Apaga a Luz,20824,2021,Julho,14,Quarta-feira,02:34:00,2,0.0057844444444444445,0.3470666666666667,Madrugada
2021-07-14 02:35:00,Xand Avião,Não Pode Se Apaixonar,106020,2021,Julho,14,Quarta-feira,02:35:00,2,0.02945,1.767,Madrugada
2021-07-14 02:36:00,Xand Avião,Não Pode Se Apaixonar,2184,2021,Julho,14,Quarta-feira,02:36:00,2,0.0006066666666666667,0.0364,Madrugada
2021-07-14 21:25:00,David Guetta,"Let's Love (feat. Sia) - Vintage Culture, Fancy Inc Remix",220194,2021,Julho,14,Quarta-feira,21:25:00,21,0.061165,3.6699,Noite
2021-07-14 21:36:00,Vintage Culture,Save Me (feat. MKLA),11611,2021,Julho,14,Quarta-feira,21:36:00,21,0.003225277777777778,0.19351666666666667,Noite
2021-07-15 00:08:00,Vintage Culture,Save Me (feat. MKLA),182094,2021,Julho,15,Quinta-feira,00:08:00,0,0.050581666666666664,3.0349,Madrugada
2021-07-15 00:12:00,Maverick Sabre,Slow Down (feat. Jorja Smith) - Vintage Culture & Slow Motion Remix,181302,2021,Julho,15,Quinta-feira,00:12:00,0,0.050361666666666666,3.0217,Madrugada
2021-07-15 00:19:00,Vintage Culture,Manifesto,399338,2021,Julho,15,Quinta-feira,00:19:00,0,0.11092722222222222,6.655633333333333,Madrugada
2021-07-15 00:19:00,Rita Lee,Lança Perfume - Vintage Culture & Bruno Be Remix / Radio Edit,17791,2021,Julho,15,Quinta-feira,00:19:00,0,0.004941944444444444,0.29651666666666665,Madrugada
2021-07-15 00:22:00,Rita Lee,Lança Perfume - Vintage Culture & Bruno Be Remix / Radio Edit,142498,2021,Julho,15,Quinta-feira,00:22:00,0,0.03958277777777778,2.3749666666666664,Madrugada
2021-07-15 00:26:00,Vintage Culture,Sometimes,268950,2021,Julho,15,Quinta-feira,00:26:00,0,0.07470833333333333,4.4825,Madrugada
2021-07-15 00:27:00,Vintage Culture,Sometimes,60299,2021,Julho,15,Quinta-feira,00:27:00,0,0.01674972222222222,1.0049833333333333,Madrugada
2021-07-15 00:33:00,Vintage Culture,Intro (Rework) - Remix,232990,2021,Julho,15,Quinta-feira,00:33:00,0,0.06471944444444444,3.883166666666667,Madrugada
2021-07-15 00:37:00,Cassian,Magical (feat. ZOLLY) - Vintage Culture Remix,214354,2021,Julho,15,Quinta-feira,00:37:00,0,0.05954277777777778,3.5725666666666664,Madrugada
2021-07-15 00:41:00,Vintage Culture,Monday,191008,2021,Julho,15,Quinta-feira,00:41:00,0,0.05305777777777778,3.1834666666666664,Madrugada
2021-07-15 00:44:00,Vintage Culture,Show Me The Way,208098,2021,Julho,15,Quinta-feira,00:44:00,0,0.057805,3.4683,Madrugada
2021-07-15 00:49:00,John Summit,Beauty Sleep - Vintage Culture Remix,200000,2021,Julho,15,Quinta-feira,00:49:00,0,0.05555555555555555,3.3333333333333335,Madrugada
2021-07-15 00:53:00,Rompasso,Paradise - Vintage Culture Remix,241814,2021,Julho,15,Quinta-feira,00:53:00,0,0.06717055555555555,4.030233333333333,Madrugada
2021-07-15 00:55:00,MEDUZA,Paradise - Vintage Culture Remix,85164,2021,Julho,15,Quinta-feira,00:55:00,0,0.023656666666666666,1.4194,Madrugada
2021-07-15 18:25:00,MEDUZA,Paradise - Vintage Culture Remix,4608,2021,Julho,15,Quinta-feira,18:25:00,18,0.00128,0.0768,Madrugada
2021-07-15 19:01:00,Flow Podcast,KID BENGALA [+ EMME WHITE] - Flow Fodcast #413,2064664,2021,Julho,15,Quinta-feira,19:01:00,19,0.5735177777777778,34.41106666666666,Noite
2021-07-15 19:31:00,Flow Podcast,KID BENGALA [+ EMME WHITE] - Flow Fodcast #413,1338943,2021,Julho,15,Quinta-feira,19:31:00,19,0.3719286111111111,22.315716666666667,Noite
2021-07-15 19:47:00,RÜFÜS DU SOL,Eyes - Cassian & Durante Remix,343591,2021,Julho,15,Quinta-feira,19:47:00,19,0.09544194444444444,5.726516666666667,Noite
2021-07-15 19:52:00,Vintage Culture,Losing - Remix,275390,2021,Julho,15,Quinta-feira,19:52:00,19,0.07649722222222222,4.589833333333333,Noite
2021-07-15 19:52:00,Vintage Culture,In The Dark,23782,2021,Julho,15,Quinta-feira,19:52:00,19,0.006606111111111111,0.39636666666666664,Noite
2021-07-15 20:04:00,Vintage Culture,In The Dark,183481,2021,Julho,15,Quinta-feira,20:04:00,20,0.05096694444444445,3.0580166666666666,Noite
2021-07-15 20:05:00,Cherub,Doses & Mimosas,103452,2021,Julho,15,Quinta-feira,20:05:00,20,0.028736666666666667,1.7242,Noite
2021-07-15 20:11:00,Cherub,Doses & Mimosas,321546,2021,Julho,15,Quinta-feira,20:11:00,20,0.08931833333333333,5.3591,Noite
2021-07-15 20:19:00,Tiësto,Coffee (Give Me Something),189662,2021,Julho,15,Quinta-feira,20:19:00,20,0.05268388888888889,3.161033333333333,Noite
2021-07-15 20:25:00,RÜFÜS DU SOL,Eyes - Cassian & Durante Remix,343591,2021,Julho,15,Quinta-feira,20:25:00,20,0.09544194444444444,5.726516666666667,Noite
2021-07-15 20:40:00,Sono,Keep Control - ARTBAT Remix,483902,2021,Julho,15,Quinta-feira,20:40:00,20,0.13441722222222222,8.065033333333334,Noite
2021-07-15 20:43:00,Vintage Culture,Save Me (feat. MKLA),193548,2021,Julho,15,Quinta-feira,20:43:00,20,0.05376333333333334,3.2258,Noite
2021-07-15 20:49:00,Empire of the Sun,We Are The People - Shazam Remix,330338,2021,Julho,15,Quinta-feira,20:49:00,20,0.09176055555555555,5.505633333333333,Noite
2021-07-15 21:27:00,Empire of the Sun,We Are The People - Shazam Remix,14153,2021,Julho,15,Quinta-feira,21:27:00,21,0.003931388888888889,0.23588333333333333,Noite
2021-07-15 21:30:00,Maverick Sabre,Slow Down (feat. Jorja Smith) - Vintage Culture & Slow Motion Remix,181302,2021,Julho,15,Quinta-feira,21:30:00,21,0.050361666666666666,3.0217,Noite
2021-07-15 21:35:00,Vintage Culture,Sometimes,330978,2021,Julho,15,Quinta-feira,21:35:00,21,0.09193833333333333,5.5163,Noite
2021-07-15 21:37:00,Vintage Culture,Losing - Remix,105587,2021,Julho,15,Quinta-feira,21:37:00,21,0.029329722222222222,1.7597833333333333,Noite
2021-07-15 22:07:00,Vintage Culture,Losing - Remix,274049,2021,Julho,15,Quinta-feira,22:07:00,22,0.07612472222222222,4.567483333333334,Noite
2021-07-15 22:11:00,Dubdogz,Pumped up Kicks (feat. Joy Corporation),6389,2021,Julho,15,Quinta-feira,22:11:00,22,0.0017747222222222222,0.10648333333333333,Noite
2021-07-15 22:11:00,Dubdogz,Always Summer,660,2021,Julho,15,Quinta-feira,22:11:00,22,0.00018333333333333334,0.011,Noite
2021-07-15 22:11:00,Shouse,Love Tonight - Vintage Culture & Kiko Franco Remix Edit,3390,2021,Julho,15,Quinta-feira,22:11:00,22,0.0009416666666666667,0.0565,Noite
2021-07-15 22:11:00,Shouse,Love Tonight - Vintage Culture & Kiko Franco Remix Edit,2425,2021,Julho,15,Quinta-feira,22:11:00,22,0.0006736111111111112,0.04041666666666666,Noite
2021-07-15 22:11:00,Shouse,Love Tonight - Vintage Culture & Kiko Franco Remix Edit,208516,2021,Julho,15,Quinta-feira,22:11:00,22,0.05792111111111111,3.4752666666666667,Noite
2021-07-15 22:11:00,Shouse,Love Tonight - Vintage Culture & Kiko Franco Remix Edit,553,2021,Julho,15,Quinta-feira,22:11:00,22,0.00015361111111111112,0.009216666666666666,Noite
2021-07-15 22:11:00,KVSH,Can't Get Over You,9223,2021,Julho,15,Quinta-feira,22:11:00,22,0.0025619444444444444,0.15371666666666667,Noite
2021-07-15 22:11:00,RÜFÜS DU SOL,Innerbloom,11033,2021,Julho,15,Quinta-feira,22:11:00,22,0.003064722222222222,0.18388333333333334,Noite
2021-07-15 22:11:00,VINNE,I Won't Let You Down,635,2021,Julho,15,Quinta-feira,22:11:00,22,0.00017638888888888888,0.010583333333333333,Noite
2021-07-15 22:11:00,Vintage Culture,In The Dark,1023,2021,Julho,15,Quinta-feira,22:11:00,22,0.00028416666666666667,0.01705,Noite
2021-07-15 22:11:00,Gabe,Caught in Between - Remix,1073,2021,Julho,15,Quinta-feira,22:11:00,22,0.00029805555555555553,0.017883333333333334,Noite
2021-07-15 22:11:00,Duke Dumont,Ocean Drive,2716,2021,Julho,15,Quinta-feira,22:11:00,22,0.0007544444444444444,0.04526666666666666,Noite
2021-07-15 22:11:00,illusionize,Fé,933,2021,Julho,15,Quinta-feira,22:11:00,22,0.00025916666666666666,0.01555,Noite
2021-07-15 22:11:00,Vintage Culture,I Will Find,755,2021,Julho,15,Quinta-feira,22:11:00,22,0.00020972222222222223,0.012583333333333334,Noite
2021-07-15 22:11:00,Vintage Culture,Sometimes,5063,2021,Julho,15,Quinta-feira,22:11:00,22,0.0014063888888888889,0.08438333333333334,Noite
2021-07-15 22:11:00,Vintage Culture,Sometimes,1598,2021,Julho,15,Quinta-feira,22:11:00,22,0.0004438888888888889,0.026633333333333332,Noite
2021-07-15 22:11:00,Coldplay,Fix You - Live,324,2021,Julho,15,Quinta-feira,22:11:00,22,9e-05,0.0054,Noite
2021-07-15 22:12:00,Dubdogz,Always Summer,8503,2021,Julho,15,Quinta-feira,22:12:00,22,0.0023619444444444443,0.14171666666666666,Noite
2021-07-15 22:12:00,VINNE,Clothes Off (feat. Thayana Valle),964,2021,Julho,15,Quinta-feira,22:12:00,22,0.00026777777777777775,0.016066666666666667,Noite
2021-07-15 22:15:00,Elderbrook,Numb,230018,2021,Julho,15,Quinta-feira,22:15:00,22,0.06389388888888889,3.8336333333333332,Noite
2021-07-15 22:16:00,Elderbrook,Numb - Chill Mix,320,2021,Julho,15,Quinta-feira,22:16:00,22,8.888888888888889e-05,0.005333333333333333,Noite
2021-07-15 22:59:00,Elderbrook,Numb - Chill Mix,198935,2021,Julho,15,Quinta-feira,22:59:00,22,0.055259722222222224,3.3155833333333335,Noite
2021-07-15 23:02:00,Purple Disco Machine,Hypnotized,195699,2021,Julho,15,Quinta-feira,23:02:00,23,0.05436083333333333,3.26165,Madrugada
2021-07-15 23:05:00,Lost Frequencies,Beat Of My Heart,183183,2021,Julho,15,Quinta-feira,23:05:00,23,0.05088416666666667,3.05305,Madrugada
2021-07-15 23:07:00,Klangkarussell,Ghostkeeper,139127,2021,Julho,15,Quinta-feira,23:07:00,23,0.03864638888888889,2.318783333333333,Madrugada
2021-07-15 23:10:00,Klangkarussell,Ghostkeeper,190891,2021,Julho,15,Quinta-feira,23:10:00,23,0.053025277777777775,3.1815166666666665,Madrugada
2021-07-15 23:14:00,AVAION,Pieces,196395,2021,Julho,15,Quinta-feira,23:14:00,23,0.05455416666666667,3.27325,Madrugada
2021-07-15 23:14:00,Elderbrook,Bird Song,20777,2021,Julho,15,Quinta-feira,23:14:00,23,0.005771388888888889,0.34628333333333333,Madrugada
2021-07-15 23:17:00,Tinlicker,Because You Move Me,120399,2021,Julho,15,Quinta-feira,23:17:00,23,0.033444166666666664,2.00665,Madrugada
2021-07-15 23:21:00,Zimmer,Moonrise,242639,2021,Julho,15,Quinta-feira,23:21:00,23,0.06739972222222222,4.043983333333333,Madrugada
2021-07-15 23:24:00,Don Diablo,Bad,169910,2021,Julho,15,Quinta-feira,23:24:00,23,0.047197222222222224,2.8318333333333334,Madrugada
2021-07-15 23:26:00,Duke Dumont,Nightcrawler,164088,2021,Julho,15,Quinta-feira,23:26:00,23,0.04558,2.7348,Madrugada
2021-07-15 23:29:00,Elderbrook,Something About You (with Rudimental) - Chill Mix,0,2021,Julho,15,Quinta-feira,23:29:00,23,0.0,0.0,Madrugada
2021-07-15 23:29:00,Elderbrook,Something About You (with Rudimental) - Chill Mix,146214,2021,Julho,15,Quinta-feira,23:29:00,23,0.040615,2.4369,Madrugada
2021-07-15 23:32:00,Petit Biscuit,Burnin,162722,2021,Julho,15,Quinta-feira,23:32:00,23,0.045200555555555556,2.7120333333333333,Madrugada
2021-07-15 23:33:00,Vintage Culture,That's Why - Vintage Culture Remix,14965,2021,Julho,15,Quinta-feira,23:33:00,23,0.004156944444444444,0.24941666666666668,Madrugada
2021-07-15 23:36:00,Confesser,Pike - Illusionize Remix,195118,2021,Julho,15,Quinta-feira,23:36:00,23,0.054199444444444446,3.2519666666666667,Madrugada
2021-07-15 23:37:00,Confesser,Pike,65024,2021,Julho,15,Quinta-feira,23:37:00,23,0.018062222222222223,1.0837333333333334,Madrugada
2021-07-15 23:37:00,RÜFÜS DU SOL,Treat You Better - Cassian Remix,2605,2021,Julho,15,Quinta-feira,23:37:00,23,0.0007236111111111111,0.043416666666666666,Madrugada
2021-07-15 23:43:00,Klangkarussell,Ghostkeeper,331381,2021,Julho,15,Quinta-feira,23:43:00,23,0.09205027777777777,5.523016666666667,Madrugada
2021-07-15 23:46:00,Dubdogz,Always Summer,187990,2021,Julho,15,Quinta-feira,23:46:00,23,0.05221944444444444,3.133166666666667,Madrugada
2021-07-15 23:51:00,Elderbrook,Numb,290389,2021,Julho,15,Quinta-feira,23:51:00,23,0.08066361111111112,4.839816666666667,Madrugada
2021-07-15 23:56:00,Vintage Culture,Sometimes,330978,2021,Julho,15,Quinta-feira,23:56:00,23,0.09193833333333333,5.5163,Madrugada
2021-07-16 00:00:00,Vintage Culture,Save Me (feat. MKLA),193548,2021,Julho,16,Sexta-feira,00:00:00,0,0.05376333333333334,3.2258,Madrugada
2021-07-16 00:14:00,David Guetta,"Let's Love (feat. Sia) - Vintage Culture, Fancy Inc Remix",144456,2021,Julho,16,Sexta-feira,00:14:00,0,0.040126666666666665,2.4076,Madrugada
2021-07-16 00:44:00,RÜFÜS DU SOL,Treat You Better - Cassian Remix,1260,2021,Julho,16,Sexta-feira,00:44:00,0,0.00035,0.021,Madrugada
2021-07-16 00:47:00,Confesser,Pike - Illusionize Remix,195118,2021,Julho,16,Sexta-feira,00:47:00,0,0.054199444444444446,3.2519666666666667,Madrugada
2021-07-16 00:53:00,Klangkarussell,Ghostkeeper,331381,2021,Julho,16,Sexta-feira,00:53:00,0,0.09205027777777777,5.523016666666667,Madrugada
2021-07-16 00:56:00,Dubdogz,Always Summer,187990,2021,Julho,16,Sexta-feira,00:56:00,0,0.05221944444444444,3.133166666666667,Madrugada
2021-07-16 01:30:00,Elderbrook,Numb,109250,2021,Julho,16,Sexta-feira,01:30:00,1,0.030347222222222223,1.8208333333333333,Madrugada
2021-07-16 12:41:00,Elderbrook,Numb,15151,2021,Julho,16,Sexta-feira,12:41:00,12,0.004208611111111111,0.25251666666666667,Tarde
2021-07-16 12:44:00,Elderbrook,Numb,214939,2021,Julho,16,Sexta-feira,12:44:00,12,0.05970527777777778,3.582316666666667,Tarde
2021-07-16 12:50:00,Vintage Culture,Sometimes,330978,2021,Julho,16,Sexta-feira,12:50:00,12,0.09193833333333333,5.5163,Tarde
2021-07-16 12:53:00,Vintage Culture,Save Me (feat. MKLA),193548,2021,Julho,16,Sexta-feira,12:53:00,12,0.05376333333333334,3.2258,Tarde
2021-07-16 13:07:00,David Guetta,"Let's Love (feat. Sia) - Vintage Culture, Fancy Inc Remix",199471,2021,Julho,16,Sexta-feira,13:07:00,13,0.05540861111111111,3.324516666666667,Tarde
2021-07-16 13:45:00,David Guetta,"Let's Love (feat. Sia) - Vintage Culture, Fancy Inc Remix",4781,2021,Julho,16,Sexta-feira,13:45:00,13,0.0013280555555555556,0.07968333333333333,Tarde
2021-07-16 13:50:00,Klangkarussell,Ghostkeeper,331350,2021,Julho,16,Sexta-feira,13:50:00,13,0.09204166666666666,5.5225,Tarde
2021-07-16 13:54:00,Dubdogz,Always Summer,187990,2021,Julho,16,Sexta-feira,13:54:00,13,0.05221944444444444,3.133166666666667,Tarde
2021-07-16 13:57:00,Elderbrook,Numb,230018,2021,Julho,16,Sexta-feira,13:57:00,13,0.06389388888888889,3.8336333333333332,Tarde
2021-07-16 14:03:00,Vintage Culture,Sometimes,330978,2021,Julho,16,Sexta-feira,14:03:00,14,0.09193833333333333,5.5163,Tarde
2021-07-16 14:07:00,Vintage Culture,Save Me (feat. MKLA),193548,2021,Julho,16,Sexta-feira,14:07:00,14,0.05376333333333334,3.2258,Tarde
2021-07-16 14:11:00,David Guetta,"Let's Love (feat. Sia) - Vintage Culture, Fancy Inc Remix",220194,2021,Julho,16,Sexta-feira,14:11:00,14,0.061165,3.6699,Tarde
2021-07-16 14:13:00,DLMT,Younger - VINNE Remix,110232,2021,Julho,16,Sexta-feira,14:13:00,14,0.03062,1.8372,Tarde
2021-07-16 14:57:00,DLMT,Younger - VINNE Remix,96069,2021,Julho,16,Sexta-feira,14:57:00,14,0.026685833333333332,1.60115,Tarde
2021-07-16 15:08:00,DLMT,Younger - VINNE Remix,25065,2021,Julho,16,Sexta-feira,15:08:00,15,0.0069625,0.41775,Tarde
2021-07-16 15:11:00,Bob Sinclar,World Hold On (Radio Edit) [Vintage Culture & Dubdogz Remix],172061,2021,Julho,16,Sexta-feira,15:11:00,15,0.047794722222222225,2.8676833333333334,Tarde
2021-07-16 15:12:00,Tiësto,Coffee (Give Me Something),52495,2021,Julho,16,Sexta-feira,15:12:00,15,0.014581944444444444,0.8749166666666667,Tarde
2021-07-16 15:19:00,Tiësto,Coffee (Give Me Something),84371,2021,Julho,16,Sexta-feira,15:19:00,15,0.02343638888888889,1.4061833333333333,Tarde
2021-07-16 15:26:00,Tiësto,Coffee (Give Me Something),52797,2021,Julho,16,Sexta-feira,15:26:00,15,0.014665833333333333,0.87995,Tarde
2021-07-16 15:30:00,Shouse,Love Tonight - Vintage Culture & Kiko Franco Remix Edit,208516,2021,Julho,16,Sexta-feira,15:30:00,15,0.05792111111111111,3.4752666666666667,Tarde
2021-07-16 15:40:00,RÜFÜS DU SOL,Innerbloom,577992,2021,Julho,16,Sexta-feira,15:40:00,15,0.16055333333333333,9.6332,Tarde
2021-07-16 15:44:00,The Temper Trap,Sweet Disposition (Vintage Culture & Lazy Bear Remix),225234,2021,Julho,16,Sexta-feira,15:44:00,15,0.062565,3.7539,Tarde
2021-07-16 15:50:00,RÜFÜS DU SOL,Eyes - Cassian & Durante Remix,343563,2021,Julho,16,Sexta-feira,15:50:00,15,0.09543416666666667,5.72605,Tarde
2021-07-16 16:03:00,VINNE,I Won't Let You Down,91145,2021,Julho,16,Sexta-feira,16:03:00,16,0.025318055555555555,1.5190833333333333,Tarde
2021-07-17 17:27:00,VINNE,I Won't Let You Down,107770,2021,Julho,17,Sábado,17:27:00,17,0.02993611111111111,1.7961666666666667,Tarde
2021-07-17 17:32:00,Dubdogz,Pumped up Kicks (feat. Joy Corporation),342356,2021,Julho,17,Sábado,17:32:00,17,0.09509888888888889,5.705933333333333,Tarde
2021-07-17 17:37:00,Coldplay,Fix You - Live,300653,2021,Julho,17,Sábado,17:37:00,17,0.08351472222222223,5.010883333333333,Tarde
2021-07-17 17:40:00,illusionize,First Time,183996,2021,Julho,17,Sábado,17:40:00,17,0.05111,3.0666,Tarde
2021-07-17 17:46:00,South Soul Symphony,Let Me Show You - Jay Vegas Remix,343499,2021,Julho,17,Sábado,17:46:00,17,0.09541638888888888,5.724983333333333,Tarde
2021-07-17 19:21:00,South Soul Symphony,Let Me Show You - Jay Vegas Remix,66823,2021,Julho,17,Sábado,19:21:00,19,0.018561944444444443,1.1137166666666667,Noite
2021-07-17 19:26:00,Lykke Li,I Follow Rivers - The Magician Remix,251938,2021,Julho,17,Sábado,19:26:00,19,0.06998277777777778,4.198966666666666,Noite
2021-07-17 19:27:00,Lykke Li,I Follow Rivers - The Magician Remix,28131,2021,Julho,17,Sábado,19:27:00,19,0.007814166666666667,0.46885,Noite
2021-07-17 19:31:00,Kungs,This Girl (Kungs Vs. Cookin' On 3 Burners),195546,2021,Julho,17,Sábado,19:31:00,19,0.054318333333333337,3.2591,Noite
2021-07-17 19:34:00,Duke Dumont,Ocean Drive,206320,2021,Julho,17,Sábado,19:34:00,19,0.05731111111111111,3.4386666666666668,Noite
2021-07-17 19:38:00,Vintage Culture,I Will Find,224677,2021,Julho,17,Sábado,19:38:00,19,0.06241027777777778,3.7446166666666665,Noite
2021-07-17 19:41:00,Lyus,Summertime Lover (feat. Michael Shynes),185806,2021,Julho,17,Sábado,19:41:00,19,0.05161277777777778,3.0967666666666664,Noite
2021-07-17 19:48:00,Satin Jackets,You Make Me Feel Good - Original Mix,427712,2021,Julho,17,Sábado,19:48:00,19,0.1188088888888889,7.128533333333333,Noite
2021-07-17 19:59:00,RÜFÜS DU SOL,Treat You Better - Cassian Remix,290934,2021,Julho,17,Sábado,19:59:00,19,0.080815,4.8489,Noite
2021-07-17 20:03:00,Vintage Culture,In The Dark,207262,2021,Julho,17,Sábado,20:03:00,20,0.05757277777777778,3.4543666666666666,Noite
2021-07-17 20:07:00,Sono,Keep Control - ARTBAT Remix,229910,2021,Julho,17,Sábado,20:07:00,20,0.06386388888888889,3.8318333333333334,Noite
2021-07-17 20:38:00,Sono,Keep Control - ARTBAT Remix,253993,2021,Julho,17,Sábado,20:38:00,20,0.07055361111111111,4.233216666666666,Noite
2021-07-17 20:41:00,Gabe,Caught in Between - Remix,194810,2021,Julho,17,Sábado,20:41:00,20,0.05411388888888889,3.2468333333333335,Noite
2021-07-17 20:46:00,Dashdot,Make It Better [ZAC & BAKKA (BR) Remix],296129,2021,Julho,17,Sábado,20:46:00,20,0.08225805555555556,4.935483333333333,Noite
2021-07-17 20:52:00,Empire of the Sun,We Are The People - Shazam Remix,344491,2021,Julho,17,Sábado,20:52:00,20,0.09569194444444444,5.741516666666667,Noite
2021-07-17 20:54:00,Koradize,Baile da Roosevelt (Pam Pararam),149196,2021,Julho,17,Sábado,20:54:00,20,0.04144333333333333,2.4866,Noite
2021-07-17 21:28:00,Koradize,Baile da Roosevelt (Pam Pararam),6583,2021,Julho,17,Sábado,21:28:00,21,0.0018286111111111111,0.10971666666666667,Noite
2021-07-17 21:32:00,Vintage Culture,Losing - Remix,275390,2021,Julho,17,Sábado,21:32:00,21,0.07649722222222222,4.589833333333333,Noite
2021-07-17 21:45:00,Mochakk,Buttercup,135603,2021,Julho,17,Sábado,21:45:00,21,0.0376675,2.26005,Noite
2021-07-17 22:27:00,Mochakk,Buttercup,4943,2021,Julho,17,Sábado,22:27:00,22,0.0013730555555555555,0.08238333333333334,Noite
2021-07-17 22:27:00,SAINt JHN,Roses - Imanbek Remix,1384,2021,Julho,17,Sábado,22:27:00,22,0.00038444444444444447,0.023066666666666666,Noite
2021-07-17 22:33:00,Cherub,Doses & Mimosas,323253,2021,Julho,17,Sábado,22:33:00,22,0.0897925,5.38755,Noite
2021-07-17 22:36:00,Maverick Sabre,Slow Down (feat. Jorja Smith) - Vintage Culture & Slow Motion Remix,181302,2021,Julho,17,Sábado,22:36:00,22,0.050361666666666666,3.0217,Noite
2021-07-17 22:47:00,Vintage Culture,In The Dark,58720,2021,Julho,17,Sábado,22:47:00,22,0.01631111111111111,0.9786666666666667,Noite
2021-07-18 16:55:00,M83,Midnight City,14383,2021,Julho,18,Domingo,16:55:00,16,0.003995277777777778,0.23971666666666666,Tarde
2021-07-19 13:27:00,Hawk,Here to Say (Na Na Na),19671,2021,Julho,19,Segunda-feira,13:27:00,13,0.005464166666666667,0.32785,Tarde
2021-07-19 13:27:00,Alok,Alive (It Feels Like),7436,2021,Julho,19,Segunda-feira,13:27:00,13,0.0020655555555555557,0.12393333333333334,Tarde
2021-07-19 15:42:00,Alok,Alive (It Feels Like),135043,2021,Julho,19,Segunda-feira,15:42:00,15,0.037511944444444445,2.2507166666666665,Tarde
2021-07-19 15:45:00,Robin M,Moment,19360,2021,Julho,19,Segunda-feira,15:45:00,15,0.005377777777777778,0.32266666666666666,Tarde
2021-07-19 15:45:00,Robin M,Moment,730,2021,Julho,19,Segunda-feira,15:45:00,15,0.00020277777777777777,0.012166666666666666,Tarde
2021-07-19 15:45:00,Maverick Sabre,Slow Down (feat. Jorja Smith) - Vintage Culture & Slow Motion Remix,181302,2021,Julho,19,Segunda-feira,15:45:00,15,0.050361666666666666,3.0217,Tarde
2021-07-19 15:48:00,Riton,Friday (feat. Mufasa & Hypeman) - Dopamine Re-Edit,169135,2021,Julho,19,Segunda-feira,15:48:00,15,0.046981944444444444,2.8189166666666665,Tarde
2021-07-19 15:52:00,Shouse,Love Tonight - Vintage Culture & Kiko Franco Remix Edit,208516,2021,Julho,19,Segunda-feira,15:52:00,15,0.05792111111111111,3.4752666666666667,Tarde
2021-07-19 15:55:00,MEDUZA,Piece Of Your Heart - Alok Remix,166442,2021,Julho,19,Segunda-feira,15:55:00,15,0.04623388888888889,2.774033333333333,Tarde
2021-07-19 15:58:00,Hawk,Cradles,214135,2021,Julho,19,Segunda-feira,15:58:00,15,0.05948194444444444,3.5689166666666665,Tarde
2021-07-19 16:00:00,Gabry Ponte,Rabbit Hole,136153,2021,Julho,19,Segunda-feira,16:00:00,16,0.03782027777777778,2.269216666666667,Tarde
2021-07-19 16:02:00,BassBears,Play Hard,114341,2021,Julho,19,Segunda-feira,16:02:00,16,0.03176138888888889,1.9056833333333334,Tarde
2021-07-19 16:06:00,Dropack,Happiness,207076,2021,Julho,19,Segunda-feira,16:06:00,16,0.05752111111111111,3.4512666666666667,Tarde
2021-07-19 16:10:00,Vintage Culture,Things,276294,2021,Julho,19,Segunda-feira,16:10:00,16,0.07674833333333334,4.6049,Tarde
2021-07-19 16:13:00,Dimitri Vegas & Like Mike,Say My Name,159522,2021,Julho,19,Segunda-feira,16:13:00,16,0.044311666666666666,2.6587,Tarde
2021-07-19 16:17:00,SPECT3R,Seven Nation Army,238841,2021,Julho,19,Segunda-feira,16:17:00,16,0.06634472222222222,3.9806833333333334,Tarde
2021-07-19 16:20:00,Stefy De Cicco,Day 'N' Nite - Martin Jensen Edit,30150,2021,Julho,19,Segunda-feira,16:20:00,16,0.008375,0.5025,Tarde
2021-07-19 16:20:00,Vintage Culture,It Is What It Is (feat. Elise LeGrow),164516,2021,Julho,19,Segunda-feira,16:20:00,16,0.045698888888888886,2.7419333333333333,Tarde
2021-07-19 18:28:00,Stefy De Cicco,Day 'N' Nite - Martin Jensen Edit,136050,2021,Julho,19,Segunda-feira,18:28:00,18,0.03779166666666667,2.2675,Madrugada
2021-07-19 18:31:00,Bhaskar,Feel Your Love,182950,2021,Julho,19,Segunda-feira,18:31:00,18,0.050819444444444445,3.049166666666667,Madrugada
2021-07-19 18:34:00,Anthony Keyrouz,Be My Love (Na Na Na),159360,2021,Julho,19,Segunda-feira,18:34:00,18,0.04426666666666667,2.656,Madrugada
2021-07-19 18:36:00,Martin Garrix,Pressure (feat. Tove Lo),144383,2021,Julho,19,Segunda-feira,18:36:00,18,0.040106388888888886,2.4063833333333333,Madrugada
2021-07-19 18:39:00,Astro,Peaches,154909,2021,Julho,19,Segunda-feira,18:39:00,18,0.04303027777777778,2.5818166666666666,Madrugada
2021-07-19 18:56:00,Hawk,Here to Say (Na Na Na),44645,2021,Julho,19,Segunda-feira,18:56:00,18,0.012401388888888889,0.7440833333333333,Madrugada
2021-07-19 21:25:00,Mochakk,Buttercup,441,2021,Julho,19,Segunda-feira,21:25:00,21,0.0001225,0.00735,Noite
2021-07-19 21:25:00,Dj Guuga,"Volta Bebê, Volta Neném",6582,2021,Julho,19,Segunda-feira,21:25:00,21,0.0018283333333333333,0.1097,Noite
2021-07-19 21:29:00,M83,Midnight City,243950,2021,Julho,19,Segunda-feira,21:29:00,21,0.06776388888888889,4.065833333333333,Noite
2021-07-19 21:33:00,Confesser,Pike - Illusionize Remix,195118,2021,Julho,19,Segunda-feira,21:33:00,21,0.054199444444444446,3.2519666666666667,Noite
2021-07-19 21:38:00,Klangkarussell,Ghostkeeper,331381,2021,Julho,19,Segunda-feira,21:38:00,21,0.09205027777777777,5.523016666666667,Noite
2021-07-19 21:41:00,Dubdogz,Always Summer,146005,2021,Julho,19,Segunda-feira,21:41:00,21,0.040556944444444444,2.4334166666666666,Noite
2021-07-19 21:55:00,Dubdogz,Always Summer,41985,2021,Julho,19,Segunda-feira,21:55:00,21,0.0116625,0.69975,Noite
2021-07-19 21:59:00,Elderbrook,Numb,230018,2021,Julho,19,Segunda-feira,21:59:00,21,0.06389388888888889,3.8336333333333332,Noite
2021-07-19 22:05:00,Vintage Culture,Sometimes,330978,2021,Julho,19,Segunda-feira,22:05:00,22,0.09193833333333333,5.5163,Noite
2021-07-19 22:08:00,Vintage Culture,Save Me (feat. MKLA),193548,2021,Julho,19,Segunda-feira,22:08:00,22,0.05376333333333334,3.2258,Noite
2021-07-19 22:11:00,David Guetta,"Let's Love (feat. Sia) - Vintage Culture, Fancy Inc Remix",220194,2021,Julho,19,Segunda-feira,22:11:00,22,0.061165,3.6699,Noite
