Profile Name,Start Time,Duration,Device Type,Bookmark,Latest Bookmark,Country,Ano,Mês,Dia,hour,Dia da Semana,Duration (min),Duration (hours),Duration (days),Name Title,Temporada,Episódio,Type View,Parte do dia
Jheysson,2021-02-21 04:45:47,00:28:43,Samsung 2015 NT14M DTV Smart TV,00:29:22,00:29:22,BR (Brazil),2021,Fevereiro,21,4,Domingo,28.716666666666665,0.4786111111111111,0.01994212962962963,Cidade Invisível, Temporada 1, É muito maior do que a gente (Episódio 7),Serie TV,Madrugada
Jheysson,2021-02-21 04:18:37,00:26:59,Samsung 2015 NT14M DTV Smart TV,00:27:36,00:27:36,BR (Brazil),2021,Fevereiro,21,4,Domingo,26.983333333333334,0.44972222222222225,0.018738425925925926,Cidade Invisível, Temporada 1, Coisa de criança (Episódio 6),Serie TV,Madrugada
Jheysson,2021-02-21 03:47:16,00:31:13,Samsung 2015 NT14M DTV Smart TV,00:31:53,00:31:53,BR (Brazil),2021,Fevereiro,21,3,Domingo,31.216666666666665,0.5202777777777777,0.021678240740740738,Cidade Invisível, Temporada 1, Você não vai acreditar em mim (Episódio 5),Serie TV,Madrugada
Jheysson,2021-02-21 03:12:37,00:34:23,Samsung 2015 NT14M DTV Smart TV,00:35:04,00:35:04,BR (Brazil),2021,Fevereiro,21,3,Domingo,34.38333333333333,0.5730555555555555,0.023877314814814813,Cidade Invisível, Temporada 1, A Cuca vai pegar (Episódio 4),Serie TV,Madrugada
Jheysson,2021-02-21 03:09:33,00:02:06,Samsung 2015 NT14M DTV Smart TV,00:34:23,00:34:23,BR (Brazil),2021,Fevereiro,21,3,Domingo,2.1,0.035,0.0014583333333333334,Cidade Invisível, Temporada 1, Eles estão entre nós (Episódio 3),Serie TV,Madrugada
Jheysson,2021-02-21 02:28:27,00:33:00,Samsung 2015 NT14M DTV Smart TV,00:33:38,Not latest view,BR (Brazil),2021,Fevereiro,21,2,Domingo,33.0,0.55,0.02291666666666667,Cidade Invisível, Temporada 1, Eles estão entre nós (Episódio 3),Serie TV,Madrugada
Jheysson,2021-02-21 01:51:33,00:36:37,Samsung 2015 NT14M DTV Smart TV,00:37:14,00:37:14,BR (Brazil),2021,Fevereiro,21,1,Domingo,36.61666666666667,0.6102777777777778,0.02542824074074074,Cidade Invisível, Temporada 1, É um caminho sem volta (Episódio 2),Serie TV,Madrugada
Jheysson,2021-02-21 01:14:55,00:13:36,Samsung 2015 NT14M DTV Smart TV,00:36:05,00:36:05,BR (Brazil),2021,Fevereiro,21,1,Domingo,13.6,0.22666666666666666,0.009444444444444445,Cidade Invisível, Temporada 1, Queria muito que você estivesse aqui (Episódio 1),Serie TV,Madrugada
Jheysson,2020-10-31 00:20:26,00:01:35,Samsung 2015 NT14M DTV Smart TV,00:01:35,00:01:35,BR (Brazil),2020,Outubro,31,0,Sábado,1.5833333333333335,0.026388888888888892,0.001099537037037037,Temporada 1 (Trailer), Emily em Paris,,Filme,Madrugada
Jheysson,2020-10-30 23:34:28,00:42:28,Samsung 2015 NT14M DTV Smart TV,01:35:50,01:35:50,BR (Brazil),2020,Outubro,30,23,Sexta-feira,42.46666666666667,0.7077777777777778,0.029490740740740744,Fyre Festival, Fiasco no Caribe,,Filme,Madrugada
Jheysson,2020-10-30 23:14:33,00:01:46,Samsung 2015 NT14M DTV Smart TV,00:58:28,Not latest view,BR (Brazil),2020,Outubro,30,23,Sexta-feira,1.7666666666666666,0.029444444444444443,0.0012268518518518518,Fyre Festival, Fiasco no Caribe,,Filme,Madrugada
Jheysson,2020-10-30 17:36:10,00:33:33,Samsung 2015 NT14M DTV Smart TV,00:58:00,Not latest view,BR (Brazil),2020,Outubro,30,17,Sexta-feira,33.55,0.5591666666666666,0.023298611111111107,Fyre Festival, Fiasco no Caribe,,Filme,Tarde
Jheysson,2020-10-30 15:38:47,00:24:51,Samsung 2015 NT14M DTV Smart TV,00:24:29,Not latest view,BR (Brazil),2020,Outubro,30,15,Sexta-feira,24.85,0.4141666666666667,0.017256944444444446,Fyre Festival, Fiasco no Caribe,,Filme,Tarde
Jheysson,2020-10-16 04:35:05,00:21:09,Samsung 2015 NT14M DTV Smart TV,00:21:09,00:21:09,BR (Brazil),2020,Outubro,16,4,Sexta-feira,21.15,0.3525,0.0146875,Narcos, Temporada 1, A chegada (Episódio 1),Serie TV,Madrugada
Jheysson,2020-10-04 01:43:27,00:14:00,Samsung 2015 NT14M DTV Smart TV,00:14:05,00:14:05,BR (Brazil),2020,Outubro,4,1,Domingo,14.0,0.23333333333333334,0.009722222222222222,Vem Cantar! Estados Unidos, Temporada 1, Temas de filmes (Episódio 2),Serie TV,Madrugada
Jheysson,2020-10-04 01:08:00,00:35:10,Samsung 2015 NT14M DTV Smart TV,00:35:10,00:35:10,BR (Brazil),2020,Outubro,4,1,Domingo,35.166666666666664,0.586111111111111,0.02442129629629629,Vem Cantar! Estados Unidos, Temporada 1, Para esquentar a festa (Episódio 1),Serie TV,Madrugada
Jheysson,2020-10-04 01:00:41,00:06:34,Samsung 2015 NT14M DTV Smart TV,00:07:46,00:07:46,BR (Brazil),2020,Outubro,4,1,Domingo,6.566666666666666,0.10944444444444444,0.004560185185185185,Fearless – 8 Segundos para a Glória, Temporada 1, Agosto em Barretos (Episódio 2),Serie TV,Madrugada
Jheysson,2020-10-04 00:05:05,00:43:50,Samsung 2015 NT14M DTV Smart TV,00:44:06,00:44:06,BR (Brazil),2020,Outubro,4,0,Domingo,43.833333333333336,0.7305555555555556,0.03043981481481482,Fearless – 8 Segundos para a Glória, Temporada 1, O sucesso não tem fronteiras (Episódio 1),Serie TV,Madrugada
Jheysson,2020-09-13 06:18:27,00:12:58,Samsung 2015 NT14M DTV Smart TV,00:12:58,00:12:58,BR (Brazil),2020,Setembro,13,6,Domingo,12.966666666666667,0.21611111111111111,0.00900462962962963,Sugar Rush, Extra doce, Junk food (Episódio 1),Serie TV,Manhã
Jheysson,2020-09-11 04:37:45,00:13:49,Samsung 2015 NT14M DTV Smart TV,00:13:49,00:13:49,BR (Brazil),2020,Setembro,11,4,Sexta-feira,13.816666666666666,0.23027777777777778,0.009594907407407408,"Piscou, Dançou", Temporada 1, Episódio 1 (Episódio 1),Serie TV,Madrugada
Jheysson,2020-09-08 03:56:15,00:37:51,Samsung 2015 NT14M DTV Smart TV,00:37:59,00:37:59,BR (Brazil),2020,Setembro,8,3,Terça-feira,37.85,0.6308333333333334,0.026284722222222223,The Final Table - Que vença o melhor, Temporada 1, Índia (Episódio 5),Serie TV,Madrugada
Jheysson,2020-09-08 03:01:45,00:54:05,Samsung 2015 NT14M DTV Smart TV,00:53:30,00:53:30,BR (Brazil),2020,Setembro,8,3,Terça-feira,54.083333333333336,0.9013888888888889,0.03755787037037037,The Final Table - Que vença o melhor, Temporada 1, Brasil (Episódio 4),Serie TV,Madrugada
Jheysson,2020-09-07 21:48:57,00:35:42,Samsung 2015 NT14M DTV Smart TV,00:35:33,00:35:33,BR (Brazil),2020,Setembro,7,21,Segunda-feira,35.7,0.5950000000000001,0.02479166666666667,The Final Table - Que vença o melhor, Temporada 1, México (Episódio 1),Serie TV,Noite
Jheysson,2020-09-07 21:41:47,00:06:31,Samsung 2015 NT14M DTV Smart TV,00:06:31,00:06:31,BR (Brazil),2020,Setembro,7,21,Segunda-feira,6.516666666666667,0.10861111111111112,0.004525462962962963,"Três Esposas, Um Marido", Temporada 1, Episódio 1 (Episódio 1),Serie TV,Noite
Jheysson,2020-09-07 21:39:32,00:01:45,Samsung 2015 NT14M DTV Smart TV,00:01:45,00:01:45,BR (Brazil),2020,Setembro,7,21,Segunda-feira,1.75,0.029166666666666667,0.0012152777777777778,Ultimate Beastmaster Brasil, Sobrevivência do mais forte, A Fera se transforma (Episódio 1),Serie TV,Noite
Jheysson,2020-09-07 21:34:08,00:02:34,Samsung 2015 NT14M DTV Smart TV,00:02:34,00:02:34,BR (Brazil),2020,Setembro,7,21,Segunda-feira,2.5666666666666664,0.042777777777777776,0.0017824074074074072,Trailer, Amor Garantido,,Filme,Noite
Jheysson,2020-07-18 02:58:40,00:02:07,Chrome PC (Cadmium),00:02:07,00:02:07,BR (Brazil),2020,Julho,18,2,Sábado,2.1166666666666667,0.035277777777777776,0.0014699074074074074,Trailer, Encontro Fatal,,Filme,Madrugada
Jheysson,2020-07-18 00:58:57,01:50:05,Chrome PC (Cadmium),01:49:55,01:49:55,BR (Brazil),2020,Julho,18,0,Sábado,110.08333333333333,1.8347222222222221,0.07644675925925926,365 dni,,,Filme,Madrugada
Jheysson,2020-06-04 06:01:04,00:27:22,Samsung 2018 Kant-M2 UHD TV (1.5G) Smart TV,00:39:57,00:39:57,BR (Brazil),2020,Junho,4,6,Quinta-feira,27.366666666666667,0.45611111111111113,0.01900462962962963,A Rainha do Sul, Temporada 3, O mundo (Episódio 13),Serie TV,Manhã
Jheysson,2020-06-04 05:47:40,00:12:00,Samsung 2018 Kant-M2 UHD TV (1.5G) Smart TV,00:12:00,Not latest view,BR (Brazil),2020,Junho,4,5,Quinta-feira,12.0,0.2,0.008333333333333333,A Rainha do Sul, Temporada 3, O mundo (Episódio 13),Serie TV,Madrugada
Jheysson,2020-06-04 05:06:53,00:40:45,Samsung 2018 Kant-M2 UHD TV (1.5G) Smart TV,00:40:45,00:40:45,BR (Brazil),2020,Junho,4,5,Quinta-feira,40.75,0.6791666666666667,0.02829861111111111,A Rainha do Sul, Temporada 3, Justiça (Episódio 12),Serie TV,Madrugada
Jheysson,2020-06-04 04:25:55,00:40:56,Samsung 2018 Kant-M2 UHD TV (1.5G) Smart TV,00:40:56,00:40:56,BR (Brazil),2020,Junho,4,4,Quinta-feira,40.93333333333333,0.6822222222222222,0.028425925925925924,A Rainha do Sul, Temporada 3, Dez de copas (Episódio 11),Serie TV,Madrugada
Jheysson,2020-06-04 04:06:01,00:19:52,Samsung 2018 Kant-M2 UHD TV (1.5G) Smart TV,00:40:29,00:40:29,BR (Brazil),2020,Junho,4,4,Quinta-feira,19.866666666666667,0.33111111111111113,0.013796296296296298,A Rainha do Sul, Temporada 3, A morte (Episódio 10),Serie TV,Madrugada
Jheysson,2020-06-02 12:23:15,00:20:38,Samsung 2018 Kant-M2 UHD TV (1.5G) Smart TV,00:20:38,Not latest view,BR (Brazil),2020,Junho,2,12,Terça-feira,20.633333333333333,0.34388888888888886,0.014328703703703703,A Rainha do Sul, Temporada 3, A morte (Episódio 10),Serie TV,Tarde
Jheysson,2020-06-02 11:42:42,00:40:32,Samsung 2018 Kant-M2 UHD TV (1.5G) Smart TV,00:40:32,00:40:32,BR (Brazil),2020,Junho,2,11,Terça-feira,40.53333333333333,0.6755555555555556,0.028148148148148148,A Rainha do Sul, Temporada 3, O diabo (Episódio 9),Serie TV,Manhã
Jheysson,2020-06-02 11:01:54,00:40:46,Samsung 2018 Kant-M2 UHD TV (1.5G) Smart TV,00:40:46,00:40:46,BR (Brazil),2020,Junho,2,11,Terça-feira,40.766666666666666,0.6794444444444444,0.028310185185185185,A Rainha do Sul, Temporada 3, O carro (Episódio 8),Serie TV,Manhã
Jheysson,2020-06-02 10:44:05,00:17:46,Samsung 2018 Kant-M2 UHD TV (1.5G) Smart TV,00:40:49,00:40:49,BR (Brazil),2020,Junho,2,10,Terça-feira,17.766666666666666,0.2961111111111111,0.012337962962962962,A Rainha do Sul, Temporada 3, Rainha de espadas (Episódio 7),Serie TV,Manhã
Jheysson,2020-06-01 11:05:29,00:23:05,Samsung 2018 Kant-M2 UHD TV (1.5G) Smart TV,00:23:05,Not latest view,BR (Brazil),2020,Junho,1,11,Segunda-feira,23.083333333333332,0.3847222222222222,0.016030092592592592,A Rainha do Sul, Temporada 3, Rainha de espadas (Episódio 7),Serie TV,Manhã
Jheysson,2020-06-01 10:24:22,00:41:05,Samsung 2018 Kant-M2 UHD TV (1.5G) Smart TV,00:41:05,00:41:05,BR (Brazil),2020,Junho,1,10,Segunda-feira,41.083333333333336,0.6847222222222222,0.028530092592592593,A Rainha do Sul, Temporada 3, Os apaixonados (Episódio 6),Serie TV,Manhã
Jheysson,2020-06-01 09:43:32,00:40:39,Samsung 2018 Kant-M2 UHD TV (1.5G) Smart TV,00:40:39,00:40:39,BR (Brazil),2020,Junho,1,9,Segunda-feira,40.65,0.6775,0.028229166666666666,A Rainha do Sul, Temporada 3, O julgamento (Episódio 5),Serie TV,Manhã
Jheysson,2020-06-01 09:02:29,00:41:02,Samsung 2018 Kant-M2 UHD TV (1.5G) Smart TV,00:41:02,00:41:02,BR (Brazil),2020,Junho,1,9,Segunda-feira,41.03333333333333,0.6838888888888889,0.02849537037037037,A Rainha do Sul, Temporada 3, A força (Episódio 4),Serie TV,Manhã
Jheysson,2020-06-01 08:21:48,00:40:39,Samsung 2018 Kant-M2 UHD TV (1.5G) Smart TV,00:40:39,00:40:39,BR (Brazil),2020,Junho,1,8,Segunda-feira,40.65,0.6775,0.028229166666666666,A Rainha do Sul, Temporada 3, Rainha de ouros (Episódio 3),Serie TV,Manhã
Jheysson,2020-06-01 07:42:08,00:39:33,Samsung 2018 Kant-M2 UHD TV (1.5G) Smart TV,00:39:33,00:39:33,BR (Brazil),2020,Junho,1,7,Segunda-feira,39.55,0.6591666666666666,0.027465277777777772,A Rainha do Sul, Temporada 3, Um velho amigo (Episódio 2),Serie TV,Manhã
Jheysson,2020-06-01 07:03:43,00:38:24,Samsung 2018 Kant-M2 UHD TV (1.5G) Smart TV,00:38:24,00:38:24,BR (Brazil),2020,Junho,1,7,Segunda-feira,38.4,0.64,0.02666666666666667,A Rainha do Sul, Temporada 3, A eremita (Episódio 1),Serie TV,Manhã
Jheysson,2020-06-01 06:24:40,00:39:01,Samsung 2018 Kant-M2 UHD TV (1.5G) Smart TV,00:39:01,00:39:01,BR (Brazil),2020,Junho,1,6,Segunda-feira,39.016666666666666,0.6502777777777777,0.027094907407407404,A Rainha do Sul, Temporada 2, A última hora mata (Episódio 13),Serie TV,Manhã
Jheysson,2020-06-01 05:45:31,00:39:02,Samsung 2018 Kant-M2 UHD TV (1.5G) Smart TV,00:39:02,00:39:02,BR (Brazil),2020,Junho,1,5,Segunda-feira,39.03333333333333,0.6505555555555556,0.02710648148148148,A Rainha do Sul, Temporada 2, Todas as horas ferem (Episódio 12),Serie TV,Madrugada
Jheysson,2020-06-01 05:04:26,00:41:03,Samsung 2018 Kant-M2 UHD TV (1.5G) Smart TV,00:41:03,00:41:03,BR (Brazil),2020,Junho,1,5,Segunda-feira,41.05,0.6841666666666666,0.028506944444444442,A Rainha do Sul, Temporada 2, A noite escura da alma (Episódio 11),Serie TV,Madrugada
Jheysson,2020-06-01 04:23:10,00:41:14,Samsung 2018 Kant-M2 UHD TV (1.5G) Smart TV,00:41:14,00:41:14,BR (Brazil),2020,Junho,1,4,Segunda-feira,41.233333333333334,0.6872222222222223,0.028634259259259262,A Rainha do Sul, Temporada 2, Que entrem os palhaços (Episódio 10),Serie TV,Madrugada
Jheysson,2020-06-01 03:49:59,00:33:08,Samsung 2018 Kant-M2 UHD TV (1.5G) Smart TV,00:38:24,00:38:24,BR (Brazil),2020,Junho,1,3,Segunda-feira,33.13333333333333,0.5522222222222222,0.023009259259259257,A Rainha do Sul, Temporada 2, Só o amor de mãe (Episódio 9),Serie TV,Madrugada
Jheysson,2020-05-31 22:59:30,00:39:43,Samsung 2018 Kant-M2 UHD TV (1.5G) Smart TV,00:34:38,00:34:38,BR (Brazil),2020,Maio,31,22,Domingo,39.71666666666667,0.6619444444444444,0.02758101851851852,Star Trek, Discovery, Temporada 1: O olá vulcano (Episódio 1),Serie TV,Noite
Jheysson,2020-05-31 22:56:33,00:02:23,Samsung 2018 Kant-M2 UHD TV (1.5G) Smart TV,00:02:23,00:02:23,BR (Brazil),2020,Maio,31,22,Domingo,2.3833333333333333,0.03972222222222222,0.0016550925925925926,Código para o inferno,,,Filme,Noite
Jheysson,2020-05-31 03:18:19,00:05:16,Samsung 2018 Kant-M2 UHD TV (1.5G) Smart TV,00:05:16,Not latest view,BR (Brazil),2020,Maio,31,3,Domingo,5.266666666666667,0.08777777777777777,0.0036574074074074074,A Rainha do Sul, Temporada 2, Só o amor de mãe (Episódio 9),Serie TV,Madrugada
Jheysson,2020-05-31 02:37:03,00:41:14,Samsung 2018 Kant-M2 UHD TV (1.5G) Smart TV,00:41:14,00:41:14,BR (Brazil),2020,Maio,31,2,Domingo,41.233333333333334,0.6872222222222223,0.028634259259259262,A Rainha do Sul, Temporada 2, Esvaziando o mar com canudinho (Episódio 8),Serie TV,Madrugada
Jheysson,2020-05-31 02:04:41,00:32:19,Samsung 2018 Kant-M2 UHD TV (1.5G) Smart TV,00:41:24,00:41:24,BR (Brazil),2020,Maio,31,2,Domingo,32.31666666666667,0.5386111111111112,0.02244212962962963,A Rainha do Sul, Temporada 2, O preço da fé (Episódio 7),Serie TV,Madrugada
Jheysson,2020-05-30 22:08:37,00:09:06,Samsung 2018 Kant-M2 UHD TV (1.5G) Smart TV,00:09:06,Not latest view,BR (Brazil),2020,Maio,30,22,Sábado,9.1,0.15166666666666667,0.006319444444444444,A Rainha do Sul, Temporada 2, O preço da fé (Episódio 7),Serie TV,Noite
Jheysson,2020-05-30 21:27:29,00:41:06,Samsung 2018 Kant-M2 UHD TV (1.5G) Smart TV,00:41:06,00:41:06,BR (Brazil),2020,Maio,30,21,Sábado,41.1,0.685,0.02854166666666667,A Rainha do Sul, Temporada 2, O caminho da morte (Episódio 6),Serie TV,Noite
Jheysson,2020-05-30 20:46:08,00:41:19,Samsung 2018 Kant-M2 UHD TV (1.5G) Smart TV,00:41:19,00:41:19,BR (Brazil),2020,Maio,30,20,Sábado,41.31666666666667,0.6886111111111112,0.028692129629629633,A Rainha do Sul, Temporada 2, O nascimento de Bolívia (Episódio 5),Serie TV,Noite
Jheysson,2020-05-30 20:04:48,00:41:17,Samsung 2018 Kant-M2 UHD TV (1.5G) Smart TV,00:41:17,00:41:17,BR (Brazil),2020,Maio,30,20,Sábado,41.28333333333333,0.6880555555555555,0.02866898148148148,A Rainha do Sul, Temporada 2, O beijo de Judas (Episódio 4),Serie TV,Noite
Jheysson,2020-05-30 11:34:30,00:41:17,Samsung 2018 Kant-M2 UHD TV (1.5G) Smart TV,00:41:17,00:41:17,BR (Brazil),2020,Maio,30,11,Sábado,41.28333333333333,0.6880555555555555,0.02866898148148148,A Rainha do Sul, Temporada 2, Pacto com o diabo (Episódio 3),Serie TV,Manhã
Jheysson,2020-05-30 10:53:05,00:41:23,Samsung 2018 Kant-M2 UHD TV (1.5G) Smart TV,00:41:23,00:41:23,BR (Brazil),2020,Maio,30,10,Sábado,41.38333333333333,0.6897222222222222,0.028738425925925928,A Rainha do Sul, Temporada 2, Deus e o diabo (Episódio 2),Serie TV,Manhã
Jheysson,2020-05-30 10:40:24,00:12:37,Samsung 2018 Kant-M2 UHD TV (1.5G) Smart TV,00:41:38,00:41:38,BR (Brazil),2020,Maio,30,10,Sábado,12.616666666666667,0.21027777777777779,0.008761574074074074,A Rainha do Sul, Temporada 2, O corpo de Cristo (Episódio 1),Serie TV,Manhã
Jheysson,2020-05-29 13:14:48,00:28:07,Samsung 2018 Kant-M2 UHD TV (1.5G) Smart TV,00:29:04,Not latest view,BR (Brazil),2020,Maio,29,13,Sexta-feira,28.116666666666667,0.46861111111111114,0.019525462962962963,A Rainha do Sul, Temporada 2, O corpo de Cristo (Episódio 1),Serie TV,Tarde
Jheysson,2020-05-29 12:35:42,00:39:00,Samsung 2018 Kant-M2 UHD TV (1.5G) Smart TV,00:39:00,00:39:00,BR (Brazil),2020,Maio,29,12,Sexta-feira,39.0,0.65,0.027083333333333334,A Rainha do Sul, Temporada 1, Cicatriz (Episódio 13),Serie TV,Tarde
Jheysson,2020-05-29 11:56:41,00:38:58,Samsung 2018 Kant-M2 UHD TV (1.5G) Smart TV,00:38:58,00:38:58,BR (Brazil),2020,Maio,29,11,Sexta-feira,38.96666666666667,0.6494444444444445,0.027060185185185187,A Rainha do Sul, Temporada 1, Quinhentos mil (Episódio 12),Serie TV,Manhã
Jheysson,2020-05-29 11:16:53,00:39:47,Samsung 2018 Kant-M2 UHD TV (1.5G) Smart TV,00:39:47,00:39:47,BR (Brazil),2020,Maio,29,11,Sexta-feira,39.78333333333333,0.6630555555555555,0.027627314814814813,A Rainha do Sul, Temporada 1, Ponto sem volta (Episódio 11),Serie TV,Manhã
Jheysson,2020-05-29 10:35:21,00:41:25,Samsung 2018 Kant-M2 UHD TV (1.5G) Smart TV,00:41:25,00:41:25,BR (Brazil),2020,Maio,29,10,Sexta-feira,41.416666666666664,0.6902777777777778,0.028761574074074075,A Rainha do Sul, Temporada 1, Essa coisa nossa (Episódio 10),Serie TV,Manhã
Jheysson,2020-05-29 09:54:27,00:40:53,Samsung 2018 Kant-M2 UHD TV (1.5G) Smart TV,00:40:53,00:40:53,BR (Brazil),2020,Maio,29,9,Sexta-feira,40.88333333333333,0.6813888888888889,0.028391203703703707,A Rainha do Sul, Temporada 1, Pegue tudo o que puder levar (Episódio 9),Serie TV,Manhã
Jheysson,2020-05-29 09:15:07,00:39:18,Samsung 2018 Kant-M2 UHD TV (1.5G) Smart TV,00:39:18,00:39:18,BR (Brazil),2020,Maio,29,9,Sexta-feira,39.3,0.6549999999999999,0.027291666666666662,A Rainha do Sul, Temporada 1, Dinheiro mágico (Episódio 8),Serie TV,Manhã
Jheysson,2020-05-29 08:35:00,00:39:36,Samsung 2018 Kant-M2 UHD TV (1.5G) Smart TV,00:39:36,00:39:36,BR (Brazil),2020,Maio,29,8,Sexta-feira,39.6,0.66,0.0275,A Rainha do Sul, Temporada 1, O homem-pássaro (Episódio 7),Serie TV,Manhã
Jheysson,2020-05-29 07:55:36,00:39:22,Samsung 2018 Kant-M2 UHD TV (1.5G) Smart TV,00:39:22,00:39:22,BR (Brazil),2020,Maio,29,7,Sexta-feira,39.36666666666667,0.6561111111111111,0.027337962962962963,A Rainha do Sul, Temporada 1, O engano como regra (Episódio 6),Serie TV,Manhã
Jheysson,2020-05-29 07:15:41,00:39:54,Samsung 2018 Kant-M2 UHD TV (1.5G) Smart TV,00:39:54,00:39:54,BR (Brazil),2020,Maio,29,7,Sexta-feira,39.9,0.6649999999999999,0.02770833333333333,A Rainha do Sul, Temporada 1, Uma alma. Um mapa. Ao futuro. (Episódio 5),Serie TV,Manhã
Jheysson,2020-05-29 06:35:23,00:39:45,Samsung 2018 Kant-M2 UHD TV (1.5G) Smart TV,00:39:45,00:39:45,BR (Brazil),2020,Maio,29,6,Sexta-feira,39.75,0.6625,0.027604166666666666,A Rainha do Sul, Temporada 1, Lírio dos vales (Episódio 4),Serie TV,Manhã
Jheysson,2020-05-29 05:55:27,00:39:54,Samsung 2018 Kant-M2 UHD TV (1.5G) Smart TV,00:39:54,00:39:54,BR (Brazil),2020,Maio,29,5,Sexta-feira,39.9,0.6649999999999999,0.02770833333333333,A Rainha do Sul, Temporada 1, Estratégia de entrada (Episódio 3),Serie TV,Madrugada
Jheysson,2020-05-29 05:16:32,00:38:53,Samsung 2018 Kant-M2 UHD TV (1.5G) Smart TV,00:38:53,00:38:53,BR (Brazil),2020,Maio,29,5,Sexta-feira,38.88333333333333,0.6480555555555555,0.027002314814814812,A Rainha do Sul, Temporada 1, Quarenta minutos (Episódio 2),Serie TV,Madrugada
Jheysson,2020-05-29 04:31:27,00:45:01,Samsung 2018 Kant-M2 UHD TV (1.5G) Smart TV,00:45:01,00:45:01,BR (Brazil),2020,Maio,29,4,Sexta-feira,45.016666666666666,0.7502777777777777,0.031261574074074074,A Rainha do Sul, Temporada 1, Piloto (Episódio 1),Serie TV,Madrugada
Jheysson,2020-05-26 01:49:55,00:51:55,Samsung 2018 Kant-M2 UHD TV (1.5G) Smart TV,01:30:59,01:30:59,BR (Brazil),2020,Maio,26,1,Terça-feira,51.916666666666664,0.8652777777777777,0.03605324074074074,Despedida em Grande Estilo,,,Filme,Madrugada
Jheysson,2020-05-25 02:01:59,00:44:10,Chrome PC (Cadmium),00:42:58,00:42:58,BR (Brazil),2020,Maio,25,2,Segunda-feira,44.166666666666664,0.736111111111111,0.030671296296296294,Suits, Temporada 2, Escolha um lado (Episódio 2),Serie TV,Madrugada
Jheysson,2020-05-24 23:02:28,00:42:55,Chrome PC (Cadmium),00:42:31,00:42:31,BR (Brazil),2020,Maio,24,23,Domingo,42.916666666666664,0.7152777777777778,0.02980324074074074,Suits, Temporada 2, Ela sabe (Episódio 1),Serie TV,Madrugada
Jheysson,2020-05-24 22:31:04,00:30:49,Chrome PC (Cadmium),00:42:03,00:42:03,BR (Brazil),2020,Maio,24,22,Domingo,30.816666666666666,0.5136111111111111,0.021400462962962965,Suits, Temporada 1, Briga de cachorro grande (Episódio 12),Serie TV,Noite
Jheysson,2020-05-24 21:05:43,00:14:00,Chrome PC (Cadmium),00:14:44,Not latest view,BR (Brazil),2020,Maio,24,21,Domingo,14.0,0.23333333333333334,0.009722222222222222,Suits, Temporada 1, Briga de cachorro grande (Episódio 12),Serie TV,Noite
Jheysson,2020-05-24 20:35:42,00:29:02,Chrome PC (Cadmium),00:42:05,00:42:05,BR (Brazil),2020,Maio,24,20,Domingo,29.033333333333335,0.4838888888888889,0.020162037037037037,Suits, Temporada 1, A regra do jogo (Episódio 11),Serie TV,Noite
Jheysson,2020-05-24 19:21:45,00:13:07,Chrome PC (Cadmium),00:15:03,Not latest view,BR (Brazil),2020,Maio,24,19,Domingo,13.116666666666667,0.21861111111111112,0.009108796296296297,Suits, Temporada 1, A regra do jogo (Episódio 11),Serie TV,Noite
Jheysson,2020-05-24 00:55:29,00:01:04,Samsung 2018 Kant-M2 UHD TV (1.5G) Smart TV,00:06:04,00:06:04,BR (Brazil),2020,Maio,24,0,Domingo,1.0666666666666667,0.017777777777777778,0.0007407407407407407,Brincando com Fogo, Temporada 1," Amor, sexo ou dinheiro (Episódio 1)",Serie TV,Madrugada
Jheysson,2020-05-24 00:47:45,00:05:51,Samsung 2018 Kant-M2 UHD TV (1.5G) Smart TV,00:05:47,Not latest view,BR (Brazil),2020,Maio,24,0,Domingo,5.85,0.09749999999999999,0.004062499999999999,The Walking Dead, Temporada 1," Adeus, passado (Episódio 1)",Serie TV,Madrugada
Jheysson,2020-05-23 20:20:45,00:24:06,Samsung 2018 Kant-M2 UHD TV (1.5G) Smart TV,00:39:05,Not latest view,BR (Brazil),2020,Maio,23,20,Sábado,24.1,0.40166666666666667,0.01673611111111111,Despedida em Grande Estilo,,,Filme,Noite
Jheysson,2020-05-23 20:01:06,00:14:59,Samsung 2018 Kant-M2 UHD TV (1.5G) Smart TV,00:14:59,Not latest view,BR (Brazil),2020,Maio,23,20,Sábado,14.983333333333333,0.2497222222222222,0.010405092592592593,Despedida em Grande Estilo,,,Filme,Noite
Jheysson,2020-05-23 17:07:37,00:04:42,Chrome PC (Cadmium),00:05:07,Not latest view,BR (Brazil),2020,Maio,23,17,Sábado,4.7,0.07833333333333334,0.003263888888888889,Suits, Temporada 1, A regra do jogo (Episódio 11),Serie TV,Tarde
Jheysson,2020-05-23 05:29:19,00:42:42,Chrome PC (Cadmium),00:42:09,00:42:09,BR (Brazil),2020,Maio,23,5,Sábado,42.7,0.7116666666666667,0.029652777777777778,Suits, Temporada 1, Vida de fachada (Episódio 10),Serie TV,Madrugada
Jheysson,2020-05-23 04:47:16,00:41:59,Chrome PC (Cadmium),00:42:28,00:42:28,BR (Brazil),2020,Maio,23,4,Sábado,41.983333333333334,0.6997222222222222,0.029155092592592594,Suits, Temporada 1, Invicto (Episódio 9),Serie TV,Madrugada
Jheysson,2020-05-23 03:48:51,00:42:57,Chrome PC (Cadmium),00:43:01,00:43:01,BR (Brazil),2020,Maio,23,3,Sábado,42.95,0.7158333333333334,0.029826388888888892,Suits, Temporada 1, Crise de identidade (Episódio 8),Serie TV,Madrugada
Jheysson,2020-05-23 02:18:21,01:38:12,Samsung 2015 NT14M DTV Smart TV,01:46:53,01:46:53,BR (Brazil),2020,Maio,23,2,Sábado,98.2,1.6366666666666667,0.06819444444444445,A proposta,,,Filme,Madrugada
Jheysson,2020-05-22 14:53:59,00:08:41,Samsung 2015 NT14M DTV Smart TV,00:08:41,Not latest view,BR (Brazil),2020,Maio,22,14,Sexta-feira,8.683333333333334,0.14472222222222222,0.006030092592592593,A proposta,,,Filme,Tarde
Jheysson,2020-05-22 02:31:23,00:42:05,Chrome PC (Cadmium),00:42:22,00:42:22,BR (Brazil),2020,Maio,22,2,Sexta-feira,42.083333333333336,0.701388888888889,0.02922453703703704,Suits, Temporada 1, Conheça o adversário (Episódio 7),Serie TV,Madrugada
Jheysson,2020-05-22 02:12:27,00:54:07,Samsung 2015 NT14M DTV Smart TV,00:54:07,00:54:07,BR (Brazil),2020,Maio,22,2,Sexta-feira,54.11666666666667,0.9019444444444444,0.03758101851851852,Amigas com dinheiro,,,Filme,Madrugada
Jheysson,2020-05-22 01:45:27,00:42:03,Chrome PC (Cadmium),00:42:09,00:42:09,BR (Brazil),2020,Maio,22,1,Sexta-feira,42.05,0.7008333333333333,0.029201388888888888,Suits, Temporada 1, Ossos do ofício (Episódio 6),Serie TV,Madrugada
Jheysson,2020-05-22 01:01:25,00:43:04,Chrome PC (Cadmium),00:41:39,00:41:39,BR (Brazil),2020,Maio,22,1,Sexta-feira,43.06666666666667,0.7177777777777778,0.02990740740740741,Suits, Temporada 1, Fiança (Episódio 5),Serie TV,Madrugada
Jheysson,2020-05-22 00:49:32,00:04:39,Chrome PC (Cadmium),00:42:36,00:42:36,BR (Brazil),2020,Maio,22,0,Sexta-feira,4.65,0.0775,0.0032291666666666666,Suits, Temporada 1, Segredinhos sujos (Episódio 4),Serie TV,Madrugada
Jheysson,2020-05-20 06:11:39,00:36:25,Samsung 2015 NT14M DTV Smart TV,00:38:22,00:38:22,BR (Brazil),2020,Maio,20,6,Quarta-feira,36.416666666666664,0.6069444444444444,0.02528935185185185,Magos da Decoração, Temporada 1, Episódio 5 (Episódio 5),Serie TV,Manhã
Jheysson,2020-05-20 05:31:49,00:39:40,Samsung 2015 NT14M DTV Smart TV,00:41:36,00:41:36,BR (Brazil),2020,Maio,20,5,Quarta-feira,39.666666666666664,0.6611111111111111,0.027546296296296294,Magos da Decoração, Temporada 1, Episódio 4 (Episódio 4),Serie TV,Madrugada
Jheysson,2020-05-20 04:50:21,00:41:18,Samsung 2015 NT14M DTV Smart TV,00:43:28,00:43:28,BR (Brazil),2020,Maio,20,4,Quarta-feira,41.3,0.6883333333333332,0.028680555555555553,Magos da Decoração, Temporada 1, Episódio 3 (Episódio 3),Serie TV,Madrugada
Jheysson,2020-05-20 04:20:29,00:29:40,Samsung 2015 NT14M DTV Smart TV,00:42:42,00:42:42,BR (Brazil),2020,Maio,20,4,Quarta-feira,29.666666666666668,0.49444444444444446,0.020601851851851854,Magos da Decoração, Temporada 1, Episódio 2 (Episódio 2),Serie TV,Madrugada
Jheysson,2020-05-19 14:20:07,00:40:50,Samsung 2015 NT14M DTV Smart TV,00:40:54,00:40:54,BR (Brazil),2020,Maio,19,14,Terça-feira,40.833333333333336,0.6805555555555556,0.028356481481481483,Trilha Sonora, Temporada 1, Joanna e Nellie (Episódio 2),Serie TV,Tarde
Jheysson,2020-05-19 13:23:07,00:56:38,Samsung 2015 NT14M DTV Smart TV,00:56:38,00:56:38,BR (Brazil),2020,Maio,19,13,Terça-feira,56.63333333333333,0.9438888888888889,0.039328703703703706,Trilha Sonora, Temporada 1, Nellie e Sam (Episódio 1),Serie TV,Tarde
Jheysson,2020-05-19 05:08:53,00:44:10,Samsung 2015 NT14M DTV Smart TV,00:46:01,00:46:01,BR (Brazil),2020,Maio,19,5,Terça-feira,44.166666666666664,0.736111111111111,0.030671296296296294,Spin Out, Temporada 1, O inferno é real (Episódio 8),Serie TV,Madrugada
Jheysson,2020-05-19 04:24:54,00:43:43,Samsung 2015 NT14M DTV Smart TV,00:45:34,00:45:34,BR (Brazil),2020,Maio,19,4,Terça-feira,43.71666666666667,0.7286111111111111,0.030358796296296297,Spin Out, Temporada 1, O tempo de cicatrização pode variar (Episódio 7),Serie TV,Madrugada
Jheysson,2020-05-19 03:33:59,00:50:33,Samsung 2015 NT14M DTV Smart TV,00:50:33,00:50:33,BR (Brazil),2020,Maio,19,3,Terça-feira,50.55,0.8424999999999999,0.035104166666666665,Spin Out, Temporada 1, Tenha um bom dia! (Episódio 6),Serie TV,Madrugada
Jheysson,2020-05-19 01:43:17,01:44:06,Samsung 2015 NT14M DTV Smart TV,01:44:06,01:44:06,BR (Brazil),2020,Maio,19,1,Terça-feira,104.1,1.7349999999999999,0.07229166666666666,Sexo sem Compromisso,,,Filme,Madrugada
Jheysson,2020-05-18 23:00:15,01:09:26,Samsung 2018 Kant-M2 UHD TV (1.5G) Smart TV,01:09:26,01:09:26,BR (Brazil),2020,Maio,18,23,Segunda-feira,69.43333333333334,1.1572222222222224,0.0482175925925926,Dumplin',,,Filme,Madrugada
Jheysson,2020-05-18 22:38:43,00:20:00,Samsung 2018 Kant-M2 UHD TV (1.5G) Smart TV,00:20:00,00:20:00,BR (Brazil),2020,Maio,18,22,Segunda-feira,20.0,0.3333333333333333,0.013888888888888888,Superman, O Retorno,,Filme,Noite
Jheysson,2020-05-16 23:55:29,01:53:20,Samsung 2018 Kant-M2 UHD TV (1.5G) Smart TV,01:41:48,01:41:48,BR (Brazil),2020,Maio,16,23,Sábado,113.33333333333333,1.8888888888888888,0.0787037037037037,Desejo de Matar,,,Filme,Madrugada
Jheysson,2020-05-16 18:32:33,00:08:39,Samsung 2018 Kant-M2 UHD TV (1.5G) Smart TV,00:00:03,00:00:03,BR (Brazil),2020,Maio,16,18,Sábado,8.65,0.14416666666666667,0.006006944444444444,Motoqueiro fantasma,,,Filme,Madrugada
Jheysson,2020-05-16 18:18:31,00:13:30,Samsung 2018 Kant-M2 UHD TV (1.5G) Smart TV,00:13:30,Not latest view,BR (Brazil),2020,Maio,16,18,Sábado,13.5,0.225,0.009375,Superman, O Retorno,,Filme,Madrugada
Jheysson,2020-05-16 18:16:03,00:02:10,Samsung 2018 Kant-M2 UHD TV (1.5G) Smart TV,00:02:05,Not latest view,BR (Brazil),2020,Maio,16,18,Sábado,2.1666666666666665,0.03611111111111111,0.0015046296296296294,Batman Begins,,,Filme,Madrugada
Jheysson,2020-05-16 17:52:48,00:15:05,Samsung 2018 Kant-M2 UHD TV (1.5G) Smart TV,00:03:29,Not latest view,BR (Brazil),2020,Maio,16,17,Sábado,15.083333333333334,0.2513888888888889,0.010474537037037037,Desejo de Matar,,,Filme,Tarde
Jheysson,2020-05-16 05:47:15,00:14:31,Samsung 2018 Kant-M2 UHD TV (1.5G) Smart TV,00:15:11,00:15:11,BR (Brazil),2020,Maio,16,5,Sábado,14.516666666666667,0.24194444444444446,0.010081018518518519,Heartland, Temporada 3, Círculo de fogo (Episódio 17),Serie TV,Madrugada
Jheysson,2020-05-16 05:03:14,00:43:59,Samsung 2018 Kant-M2 UHD TV (1.5G) Smart TV,00:44:39,00:44:39,BR (Brazil),2020,Maio,16,5,Sábado,43.983333333333334,0.7330555555555556,0.03054398148148148,Heartland, Temporada 3, Derrapada (Episódio 16),Serie TV,Madrugada
Jheysson,2020-05-16 04:19:13,00:43:59,Samsung 2018 Kant-M2 UHD TV (1.5G) Smart TV,00:44:39,00:44:39,BR (Brazil),2020,Maio,16,4,Sábado,43.983333333333334,0.7330555555555556,0.03054398148148148,Heartland, Temporada 3, Segundas chances (Episódio 15),Serie TV,Madrugada
Jheysson,2020-05-15 03:45:34,01:26:12,Samsung 2015 NT14M DTV Smart TV,01:26:36,01:26:36,BR (Brazil),2020,Maio,15,3,Sexta-feira,86.2,1.4366666666666668,0.059861111111111115,A Missy Errada,,,Filme,Madrugada
Jheysson,2020-05-15 03:38:16,00:42:33,Chrome PC (Cadmium),00:42:34,Not latest view,BR (Brazil),2020,Maio,15,3,Sexta-feira,42.55,0.7091666666666666,0.02954861111111111,Suits, Temporada 1, Segredinhos sujos (Episódio 4),Serie TV,Madrugada
Jheysson,2020-05-15 02:51:15,00:42:35,Chrome PC (Cadmium),00:41:42,00:41:42,BR (Brazil),2020,Maio,15,2,Sexta-feira,42.583333333333336,0.7097222222222223,0.02957175925925926,Suits, Temporada 1, Vantagens (Episódio 3),Serie TV,Madrugada
Jheysson,2020-05-14 03:59:32,01:21:25,Samsung 2015 NT14M DTV Smart TV,01:21:25,01:21:25,BR (Brazil),2020,Maio,14,3,Quinta-feira,81.41666666666667,1.3569444444444445,0.056539351851851855,A Fabulosa Gilly Hopkins,,,Filme,Madrugada
Jheysson,2020-05-13 02:41:20,01:43:29,Chrome PC (Cadmium),01:43:02,Not latest view,BR (Brazil),2020,Maio,13,2,Quarta-feira,103.48333333333333,1.7247222222222223,0.07186342592592593,Desejo de Matar,,,Filme,Madrugada
Jheysson,2020-05-11 05:00:07,00:36:14,Samsung 2015 NT14M DTV Smart TV,00:36:20,Not latest view,BR (Brazil),2020,Maio,11,5,Segunda-feira,36.233333333333334,0.6038888888888889,0.02516203703703704,Três Metros Acima do Céu, Temporada 1, Restamos nós (Episódio 6),Serie TV,Madrugada
Jheysson,2020-05-11 03:41:53,00:36:40,Samsung 2015 NT14M DTV Smart TV,00:36:44,00:36:44,BR (Brazil),2020,Maio,11,3,Segunda-feira,36.666666666666664,0.611111111111111,0.02546296296296296,Três Metros Acima do Céu, Temporada 1, Um pouco de paz (Episódio 4),Serie TV,Madrugada
Jheysson,2020-05-11 03:08:46,00:32:49,Samsung 2015 NT14M DTV Smart TV,00:32:55,00:32:55,BR (Brazil),2020,Maio,11,3,Segunda-feira,32.81666666666667,0.5469444444444445,0.022789351851851852,Três Metros Acima do Céu, Temporada 1, Brigas à noite (Episódio 3),Serie TV,Madrugada
Jheysson,2020-05-11 02:14:04,00:28:13,Chrome PC (Cadmium),00:42:41,00:42:41,BR (Brazil),2020,Maio,11,2,Segunda-feira,28.216666666666665,0.47027777777777774,0.019594907407407405,Suits, Temporada 1, Erros e omissões (Episódio 2),Serie TV,Madrugada
Jheysson,2020-05-11 02:12:10,00:39:37,Samsung 2015 NT14M DTV Smart TV,00:39:47,00:39:47,BR (Brazil),2020,Maio,11,2,Segunda-feira,39.61666666666667,0.6602777777777777,0.027511574074074074,Três Metros Acima do Céu, Temporada 1, Só você e eu (Episódio 2),Serie TV,Madrugada
Jheysson,2020-05-11 01:08:37,00:35:59,Samsung 2015 NT14M DTV Smart TV,00:35:59,00:35:59,BR (Brazil),2020,Maio,11,1,Segunda-feira,35.983333333333334,0.5997222222222223,0.024988425925925928,Três Metros Acima do Céu, Temporada 1, Odeio o verão (Episódio 1),Serie TV,Madrugada
Jheysson,2020-05-11 01:03:25,00:14:27,Chrome PC (Cadmium),00:14:28,Not latest view,BR (Brazil),2020,Maio,11,1,Segunda-feira,14.45,0.24083333333333332,0.010034722222222221,Suits, Temporada 1, Erros e omissões (Episódio 2),Serie TV,Madrugada
Jheysson,2020-05-11 00:54:04,00:13:49,Samsung 2015 NT14M DTV Smart TV,00:13:49,Not latest view,BR (Brazil),2020,Maio,11,0,Segunda-feira,13.816666666666666,0.23027777777777778,0.009594907407407408,18 Presentes,,,Filme,Madrugada
Jheysson,2020-05-10 23:31:19,01:21:10,Chrome PC (Cadmium),01:20:50,01:20:50,BR (Brazil),2020,Maio,10,23,Domingo,81.16666666666667,1.3527777777777779,0.056365740740740744,Suits, Temporada 1, Piloto: partes 1 e 2 (Episódio 1),Serie TV,Madrugada
Jheysson,2020-05-09 22:26:33,00:29:40,Samsung 2018 Kant-M2 UHD TV (1.5G) Smart TV,00:09:18,Not latest view,BR (Brazil),2020,Maio,9,22,Sábado,29.666666666666668,0.49444444444444446,0.020601851851851854,Heartland, Temporada 3, A lista de desejos (Episódio 14),Serie TV,Noite
Jheysson,2020-05-08 06:18:10,00:41:39,Samsung 2015 NT14M DTV Smart TV,00:43:30,00:43:30,BR (Brazil),2020,Maio,8,6,Sexta-feira,41.65,0.6941666666666666,0.02892361111111111,Spin Out, Temporada 1, Dois pelo preço de um (Episódio 5),Serie TV,Manhã
Jheysson,2020-05-08 05:34:16,00:43:39,Samsung 2015 NT14M DTV Smart TV,00:45:30,00:45:30,BR (Brazil),2020,Maio,8,5,Sexta-feira,43.65,0.7274999999999999,0.030312499999999996,Spin Out, Temporada 1, Como manter a vida animal em Pinecrest (Episódio 4),Serie TV,Madrugada
Jheysson,2020-05-08 05:16:35,00:17:28,Samsung 2015 NT14M DTV Smart TV,00:42:59,00:42:59,BR (Brazil),2020,Maio,8,5,Sexta-feira,17.466666666666665,0.2911111111111111,0.012129629629629629,Spin Out, Temporada 1, Prossiga com cautela (Episódio 3),Serie TV,Madrugada
Jheysson,2020-05-05 03:57:11,00:23:41,Samsung 2015 NT14M DTV Smart TV,00:25:32,Not latest view,BR (Brazil),2020,Maio,5,3,Terça-feira,23.683333333333334,0.39472222222222225,0.01644675925925926,Spin Out, Temporada 1, Prossiga com cautela (Episódio 3),Serie TV,Madrugada
Jheysson,2020-05-05 03:11:44,00:08:10,Samsung 2018 Kant-M2 UHD TV (1.5G) Smart TV,00:44:48,00:44:48,BR (Brazil),2020,Maio,5,3,Terça-feira,8.166666666666666,0.1361111111111111,0.005671296296296296,Heartland, Temporada 1, Voltando para casa (Episódio 1),Serie TV,Madrugada
Jheysson,2020-05-05 03:09:39,00:47:18,Samsung 2015 NT14M DTV Smart TV,00:49:10,00:49:10,BR (Brazil),2020,Maio,5,3,Terça-feira,47.3,0.7883333333333333,0.03284722222222222,Spin Out, Temporada 1, Bem-vinda à família (Episódio 2),Serie TV,Madrugada
Jheysson,2020-05-05 02:17:09,00:52:09,Samsung 2015 NT14M DTV Smart TV,00:52:09,00:52:09,BR (Brazil),2020,Maio,5,2,Terça-feira,52.15,0.8691666666666666,0.03621527777777778,Spin Out, Temporada 1, Entrando em Sun Valley (Episódio 1),Serie TV,Madrugada
Jheysson,2020-05-05 02:05:03,00:09:36,Samsung 2015 NT14M DTV Smart TV,00:09:36,00:09:36,BR (Brazil),2020,Maio,5,2,Terça-feira,9.6,0.16,0.006666666666666667,Inacreditável, Minissérie, Episódio 1 (Episódio 1),Serie TV,Madrugada
Jheysson,2020-05-04 22:52:33,00:39:27,Samsung 2018 Kant-M2 UHD TV (1.5G) Smart TV,00:51:35,Not latest view,BR (Brazil),2020,Maio,4,22,Segunda-feira,39.45,0.6575000000000001,0.027395833333333338,Antes Só Do Que Mal Casado,,,Filme,Noite
Jheysson,2020-05-04 03:10:26,00:16:02,Samsung 2015 NT14M DTV Smart TV,00:15:49,00:15:49,BR (Brazil),2020,Maio,4,3,Segunda-feira,16.033333333333335,0.26722222222222225,0.01113425925925926,Férias Frustradas,,,Filme,Madrugada
Jheysson,2020-05-04 01:24:34,01:40:34,Samsung 2015 NT14M DTV Smart TV,01:40:34,01:40:34,BR (Brazil),2020,Maio,4,1,Segunda-feira,100.56666666666666,1.676111111111111,0.06983796296296296,Você nem imagina,,,Filme,Madrugada
Jheysson,2020-05-04 01:02:45,01:38:12,Chrome PC (Cadmium),00:07:18,Not latest view,BR (Brazil),2020,Maio,4,1,Segunda-feira,98.2,1.6366666666666667,0.06819444444444445,Férias Frustradas,,,Filme,Madrugada
Jheysson,2020-05-01 04:44:11,00:43:48,Samsung 2015 NT14M DTV Smart TV,00:43:49,00:43:49,BR (Brazil),2020,Maio,1,4,Sexta-feira,43.8,0.73,0.030416666666666665,Um Senhor Estagiário,,,Filme,Madrugada
Jheysson,2020-05-01 02:51:52,01:40:26,Samsung 2015 NT14M DTV Smart TV,01:40:26,01:40:26,BR (Brazil),2020,Maio,1,2,Sexta-feira,100.43333333333334,1.673888888888889,0.06974537037037037,Ricos de Amor,,,Filme,Madrugada
Jheysson,2020-04-30 05:03:03,00:03:21,Samsung 2015 NT14M DTV Smart TV,00:03:29,00:03:29,BR (Brazil),2020,Abril,30,5,Quinta-feira,3.35,0.05583333333333333,0.0023263888888888887,Eu Nunca..., Temporada 1, ... fui o garoto mais solitário do mundo (Episódio 6),Serie TV,Madrugada
Jheysson,2020-04-30 04:34:50,00:28:02,Samsung 2015 NT14M DTV Smart TV,00:28:06,00:28:06,BR (Brazil),2020,Abril,30,4,Quinta-feira,28.033333333333335,0.46722222222222226,0.019467592592592595,Eu Nunca..., Temporada 1, ... comecei uma guerra nuclear (Episódio 5),Serie TV,Madrugada
Jheysson,2020-04-30 04:14:01,00:20:37,Samsung 2015 NT14M DTV Smart TV,00:20:47,00:20:47,BR (Brazil),2020,Abril,30,4,Quinta-feira,20.616666666666667,0.34361111111111114,0.014317129629629631,Eu Nunca..., Temporada 1, ...me senti superindiana (Episódio 4),Serie TV,Madrugada
Jheysson,2020-04-30 03:45:19,00:28:33,Samsung 2015 NT14M DTV Smart TV,00:28:37,00:28:37,BR (Brazil),2020,Abril,30,3,Quinta-feira,28.55,0.47583333333333333,0.01982638888888889,Eu Nunca..., Temporada 1, ...fiquei bêbada com a galera popular (Episódio 3),Serie TV,Madrugada
Jheysson,2020-04-30 03:16:47,00:28:23,Samsung 2015 NT14M DTV Smart TV,00:28:27,00:28:27,BR (Brazil),2020,Abril,30,3,Quinta-feira,28.383333333333333,0.47305555555555556,0.019710648148148147,Eu Nunca..., Temporada 1, ...transei com Paxton Hall-Yoshida (Episódio 2),Serie TV,Madrugada
Jheysson,2020-04-30 02:50:10,00:26:24,Samsung 2015 NT14M DTV Smart TV,00:26:24,00:26:24,BR (Brazil),2020,Abril,30,2,Quinta-feira,26.4,0.44,0.018333333333333333,Eu Nunca..., Temporada 1, Piloto (Episódio 1),Serie TV,Madrugada
Jheysson,2020-04-28 21:20:54,01:31:55,Samsung 2015 NT14M DTV Smart TV,01:31:56,01:31:56,BR (Brazil),2020,Abril,28,21,Terça-feira,91.91666666666667,1.5319444444444446,0.06383101851851852,A verdade nua e crua,,,Filme,Noite
Jheysson,2020-04-26 03:45:17,02:12:32,Chrome PC (Cadmium),02:07:20,02:07:20,BR (Brazil),2020,Abril,26,3,Domingo,132.53333333333333,2.2088888888888887,0.09203703703703703,O Protetor,,,Filme,Madrugada
Jheysson,2020-04-26 02:41:58,01:12:25,Samsung 2015 NT14M DTV Smart TV,01:12:25,01:12:25,BR (Brazil),2020,Abril,26,2,Domingo,72.41666666666667,1.2069444444444446,0.050289351851851856,Maldita sorte,,,Filme,Madrugada
Jheysson,2020-04-25 18:49:11,00:27:46,Samsung 2015 NT14M DTV Smart TV,00:27:50,00:27:50,BR (Brazil),2020,Abril,25,18,Sábado,27.766666666666666,0.4627777777777778,0.019282407407407408,Sunset - Milha de Ouro, Temporada 1, Não se pode ter tudo (Episódio 2),Serie TV,Madrugada
Jheysson,2020-04-25 18:17:16,00:31:42,Samsung 2015 NT14M DTV Smart TV,00:31:42,00:31:42,BR (Brazil),2020,Abril,25,18,Sábado,31.7,0.5283333333333333,0.02201388888888889,Sunset - Milha de Ouro, Temporada 1, Se as aparências pudessem vender (Episódio 1),Serie TV,Madrugada
Jheysson,2020-04-25 05:43:42,00:09:11,Samsung 2015 NT14M DTV Smart TV,00:09:15,00:09:15,BR (Brazil),2020,Abril,25,5,Sábado,9.183333333333334,0.15305555555555556,0.006377314814814815,"Reforme na baixa, fature na alta", Temporada 1, Casa de praia em Malibu (Episódio 2),Serie TV,Madrugada
Jheysson,2020-04-25 05:35:09,00:08:23,Samsung 2015 NT14M DTV Smart TV,00:31:18,00:31:18,BR (Brazil),2020,Abril,25,5,Sábado,8.383333333333333,0.13972222222222222,0.005821759259259259,"Reforme na baixa, fature na alta", Temporada 1, Casa-barco em Seattle (Episódio 1),Serie TV,Madrugada
Jheysson,2020-04-25 05:03:36,00:31:08,Samsung 2015 NT14M DTV Smart TV,00:31:18,00:31:18,BR (Brazil),2020,Abril,25,5,Sábado,31.133333333333333,0.5188888888888888,0.02162037037037037,Glow Up, Temporada 1, Próteses de filmes (Episódio 2),Serie TV,Madrugada
Jheysson,2020-04-25 04:21:02,00:42:17,Samsung 2015 NT14M DTV Smart TV,00:42:17,00:42:17,BR (Brazil),2020,Abril,25,4,Sábado,42.28333333333333,0.7047222222222221,0.02936342592592592,Glow Up, Temporada 1, Editorial de beleza (Episódio 1),Serie TV,Madrugada
Jheysson,2020-04-24 04:57:01,00:32:08,Samsung 2015 NT14M DTV Smart TV,00:32:16,00:32:16,BR (Brazil),2020,Abril,24,4,Sexta-feira,32.13333333333333,0.5355555555555556,0.022314814814814815,Next in Fashion, Temporada 1, Streetwear (Episódio 4),Serie TV,Madrugada
Jheysson,2020-04-24 04:09:12,00:47:33,Samsung 2015 NT14M DTV Smart TV,00:47:41,00:47:41,BR (Brazil),2020,Abril,24,4,Sexta-feira,47.55,0.7925,0.03302083333333333,Next in Fashion, Temporada 1, Terno (Episódio 3),Serie TV,Madrugada
Jheysson,2020-04-24 03:20:48,00:48:13,Samsung 2015 NT14M DTV Smart TV,00:48:21,00:48:21,BR (Brazil),2020,Abril,24,3,Sexta-feira,48.21666666666667,0.8036111111111112,0.033483796296296296,Next in Fashion, Temporada 1, Estampas (Episódio 2),Serie TV,Madrugada
Jheysson,2020-04-24 02:32:15,00:48:20,Samsung 2015 NT14M DTV Smart TV,00:48:20,00:48:20,BR (Brazil),2020,Abril,24,2,Sexta-feira,48.333333333333336,0.8055555555555556,0.03356481481481482,Next in Fashion, Temporada 1, Tapete vermelho (Episódio 1),Serie TV,Madrugada
Jheysson,2020-04-24 02:25:49,00:05:58,Samsung 2015 NT14M DTV Smart TV,00:05:58,00:05:58,BR (Brazil),2020,Abril,24,2,Sexta-feira,5.966666666666667,0.09944444444444445,0.004143518518518519,Baby Ballroom, Temporada 1, Episódio 1 (Episódio 1),Serie TV,Madrugada
Jheysson,2020-04-24 02:14:17,00:10:51,Samsung 2015 NT14M DTV Smart TV,00:13:02,Not latest view,BR (Brazil),2020,Abril,24,2,Sexta-feira,10.85,0.18083333333333332,0.007534722222222221,Magos da Decoração, Temporada 1, Episódio 2 (Episódio 2),Serie TV,Madrugada
Jheysson,2020-04-24 02:07:27,01:08:20,Chrome PC (Cadmium),02:09:17,02:09:17,BR (Brazil),2020,Abril,24,2,Sexta-feira,68.33333333333333,1.1388888888888888,0.0474537037037037,Milagre na Cela 7,,,Filme,Madrugada
Jheysson,2020-04-24 01:48:04,00:26:01,Samsung 2015 NT14M DTV Smart TV,00:46:43,00:46:43,BR (Brazil),2020,Abril,24,1,Sexta-feira,26.016666666666666,0.4336111111111111,0.01806712962962963,Magos da Decoração, Temporada 1, Episódio 1 (Episódio 1),Serie TV,Madrugada
Jheysson,2020-04-24 01:25:01,00:20:43,Samsung 2015 NT14M DTV Smart TV,00:20:43,Not latest view,BR (Brazil),2020,Abril,24,1,Sexta-feira,20.716666666666665,0.34527777777777774,0.014386574074074072,Magos da Decoração, Temporada 1, Episódio 1 (Episódio 1),Serie TV,Madrugada
Jheysson,2020-04-24 00:44:32,01:05:31,Chrome PC (Cadmium),01:03:57,Not latest view,BR (Brazil),2020,Abril,24,0,Sexta-feira,65.51666666666667,1.0919444444444444,0.04549768518518518,Milagre na Cela 7,,,Filme,Madrugada
Jheysson,2020-04-23 08:21:13,00:22:57,Samsung 2015 NT14M DTV Smart TV,00:22:57,Not latest view,BR (Brazil),2020,Abril,23,8,Quinta-feira,22.95,0.3825,0.0159375,"Reforme na baixa, fature na alta", Temporada 1, Casa-barco em Seattle (Episódio 1),Serie TV,Manhã
Jheysson,2020-04-23 07:18:55,01:00:02,Samsung 2015 NT14M DTV Smart TV,01:00:07,01:00:07,BR (Brazil),2020,Abril,23,7,Quinta-feira,60.03333333333333,1.0005555555555554,0.04168981481481481,The Circle Brasil, Temporada 1, O Encontro Final (Episódio 12),Serie TV,Manhã
Jheysson,2020-04-23 06:30:27,00:48:14,Samsung 2015 NT14M DTV Smart TV,00:48:19,00:48:19,BR (Brazil),2020,Abril,23,6,Quinta-feira,48.233333333333334,0.8038888888888889,0.03349537037037037,The Circle Brasil, Temporada 1, Perguntas Sinceras (Episódio 11),Serie TV,Manhã
Jheysson,2020-04-23 05:29:51,00:50:13,Samsung 2015 NT14M DTV Smart TV,00:50:18,00:50:18,BR (Brazil),2020,Abril,23,5,Quinta-feira,50.21666666666667,0.8369444444444445,0.03487268518518519,The Circle Brasil, Temporada 1, Visita Fatal (Episódio 10),Serie TV,Madrugada
Jheysson,2020-04-23 04:40:04,00:49:22,Samsung 2015 NT14M DTV Smart TV,00:51:17,00:51:17,BR (Brazil),2020,Abril,23,4,Quinta-feira,49.36666666666667,0.8227777777777778,0.03428240740740741,The Circle Brasil, Temporada 1," Piscininha, Amor (Episódio 9)",Serie TV,Madrugada
Jheysson,2020-04-23 03:54:47,00:45:06,Samsung 2015 NT14M DTV Smart TV,00:45:11,00:45:11,BR (Brazil),2020,Abril,23,3,Quinta-feira,45.1,0.7516666666666667,0.03131944444444445,The Circle Brasil, Temporada 1, Pintando Verdades (Episódio 8),Serie TV,Madrugada
Jheysson,2020-04-23 03:11:07,00:43:29,Samsung 2015 NT14M DTV Smart TV,00:43:34,00:43:34,BR (Brazil),2020,Abril,23,3,Quinta-feira,43.483333333333334,0.7247222222222223,0.03019675925925926,The Circle Brasil, Temporada 1, Copa do Circle (Episódio 7),Serie TV,Madrugada
Jheysson,2020-04-23 02:57:10,00:06:16,Samsung 2015 NT14M DTV Smart TV,00:45:21,00:45:21,BR (Brazil),2020,Abril,23,2,Quinta-feira,6.266666666666667,0.10444444444444444,0.0043518518518518515,The Circle Brasil, Temporada 1, Sala Azul (Episódio 6),Serie TV,Madrugada
Jheysson,2020-04-23 02:54:08,00:02:37,Samsung 2015 NT14M DTV Smart TV,00:00:02,00:00:02,BR (Brazil),2020,Abril,23,2,Quinta-feira,2.6166666666666667,0.043611111111111114,0.0018171296296296297,The Circle Brasil, Temporada 1, Lacrações Perigosas (Episódio 5),Serie TV,Madrugada
Jheysson,2020-04-22 06:53:17,00:04:19,Samsung 2015 NT14M DTV Smart TV,00:04:24,Not latest view,BR (Brazil),2020,Abril,22,6,Quarta-feira,4.316666666666666,0.07194444444444444,0.002997685185185185,The Circle Brasil, Temporada 1, Pintando Verdades (Episódio 8),Serie TV,Manhã
Jheysson,2020-04-22 06:09:35,00:43:28,Samsung 2015 NT14M DTV Smart TV,00:43:33,Not latest view,BR (Brazil),2020,Abril,22,6,Quarta-feira,43.46666666666667,0.7244444444444444,0.030185185185185186,The Circle Brasil, Temporada 1, Copa do Circle (Episódio 7),Serie TV,Manhã
Jheysson,2020-04-22 05:24:11,00:45:14,Samsung 2015 NT14M DTV Smart TV,00:45:19,Not latest view,BR (Brazil),2020,Abril,22,5,Quarta-feira,45.233333333333334,0.7538888888888889,0.03141203703703704,The Circle Brasil, Temporada 1, Sala Azul (Episódio 6),Serie TV,Madrugada
Jheysson,2020-04-22 04:35:18,00:48:39,Samsung 2015 NT14M DTV Smart TV,00:50:55,Not latest view,BR (Brazil),2020,Abril,22,4,Quarta-feira,48.65,0.8108333333333333,0.03378472222222222,The Circle Brasil, Temporada 1, Lacrações Perigosas (Episódio 5),Serie TV,Madrugada
Jheysson,2020-04-22 03:51:31,00:43:34,Samsung 2015 NT14M DTV Smart TV,00:43:39,00:43:39,BR (Brazil),2020,Abril,22,3,Quarta-feira,43.56666666666667,0.7261111111111112,0.03025462962962963,The Circle Brasil, Temporada 1, Pesquisa de Opinião (Episódio 4),Serie TV,Madrugada
Jheysson,2020-04-22 02:47:14,01:03:28,Samsung 2015 NT14M DTV Smart TV,00:54:28,00:54:28,BR (Brazil),2020,Abril,22,2,Quarta-feira,63.46666666666667,1.0577777777777777,0.04407407407407407,The Circle Brasil, Temporada 1, Segue o Baile (Episódio 3),Serie TV,Madrugada
Jheysson,2020-04-22 01:56:28,00:38:42,Samsung 2015 NT14M DTV Smart TV,00:38:42,00:38:42,BR (Brazil),2020,Abril,22,1,Quarta-feira,38.7,0.645,0.026875,The Circle Brasil, Temporada 1, Festa no Apê (Episódio 2),Serie TV,Madrugada
Jheysson,2020-04-21 22:21:39,01:00:55,Samsung 2015 NT14M DTV Smart TV,01:00:55,01:00:55,BR (Brazil),2020,Abril,21,22,Terça-feira,60.916666666666664,1.0152777777777777,0.04230324074074074,The Circle Brasil, Temporada 1, Bem-vindo ao The Circle (Episódio 1),Serie TV,Noite
Jheysson,2020-04-21 20:13:45,01:57:07,Samsung 2015 NT14M DTV Smart TV,01:57:07,01:57:07,BR (Brazil),2020,Abril,21,20,Terça-feira,117.11666666666666,1.9519444444444443,0.08133101851851851,Legado nos Ossos,,,Filme,Noite
Jheysson,2020-04-21 06:17:04,01:34:53,Samsung 2015 NT14M DTV Smart TV,01:34:53,01:34:53,BR (Brazil),2020,Abril,21,6,Terça-feira,94.88333333333334,1.581388888888889,0.0658912037037037,Amor em Obras,,,Filme,Manhã
Jheysson,2020-04-17 05:10:03,01:49:26,Samsung 2015 NT14M DTV Smart TV,01:49:27,01:49:27,BR (Brazil),2020,Abril,17,5,Sexta-feira,109.43333333333334,1.823888888888889,0.07599537037037037,Amizade Colorida,,,Filme,Madrugada
Jheysson,2020-04-16 04:48:19,01:02:44,Samsung 2015 NT14M DTV Smart TV,01:02:44,01:02:44,BR (Brazil),2020,Abril,16,4,Quinta-feira,62.733333333333334,1.0455555555555556,0.04356481481481481,Toy Boy, Temporada 1, Anjos caídos (Episódio 13),Serie TV,Madrugada
Jheysson,2020-04-16 04:39:29,00:08:19,Samsung 2015 NT14M DTV Smart TV,00:08:19,00:08:19,BR (Brazil),2020,Abril,16,4,Quinta-feira,8.316666666666666,0.1386111111111111,0.005775462962962962,Toy Boy, Temporada 1, Redenção (Episódio 12),Serie TV,Madrugada
Jheysson,2020-04-16 04:34:12,00:04:39,Samsung 2015 NT14M DTV Smart TV,00:04:39,00:04:39,BR (Brazil),2020,Abril,16,4,Quinta-feira,4.65,0.0775,0.0032291666666666666,Toy Boy, Temporada 1, Amor de mãe (Episódio 9),Serie TV,Madrugada
Jheysson,2020-04-16 04:28:17,00:03:31,Samsung 2015 NT14M DTV Smart TV,00:03:31,Not latest view,BR (Brazil),2020,Abril,16,4,Quinta-feira,3.5166666666666666,0.05861111111111111,0.0024421296296296296,Toy Boy, Temporada 1, Única testemunha (Episódio 8),Serie TV,Madrugada
Jheysson,2020-04-15 00:08:27,00:02:04,Chrome PC (Cadmium),00:02:04,Not latest view,BR (Brazil),2020,Abril,15,0,Quarta-feira,2.066666666666667,0.03444444444444445,0.0014351851851851854,Milagre na Cela 7,,,Filme,Madrugada
Jheysson,2020-04-10 00:05:07,00:57:28,Chrome PC (Cadmium),00:56:29,00:56:29,BR (Brazil),2020,Abril,10,0,Sexta-feira,57.46666666666667,0.9577777777777778,0.03990740740740741,La casa de papel, El fenómeno,,Filme,Madrugada
Jheysson,2020-04-09 04:52:55,00:57:27,Chrome PC (Cadmium),00:58:16,00:58:16,BR (Brazil),2020,Abril,9,4,Quinta-feira,57.45,0.9575,0.03989583333333333,La casa de papel, Parte 4, Plano Paris (Episódio 8),Serie TV,Madrugada
Jheysson,2020-04-09 04:38:29,00:14:01,Chrome PC (Cadmium),00:50:19,00:50:19,BR (Brazil),2020,Abril,9,4,Quinta-feira,14.016666666666667,0.23361111111111113,0.009733796296296298,La casa de papel, Parte 4, Derrube a barraca (Episódio 7),Serie TV,Madrugada
Jheysson,2020-04-09 01:54:36,00:37:51,Chrome PC (Cadmium),00:38:40,Not latest view,BR (Brazil),2020,Abril,9,1,Quinta-feira,37.85,0.6308333333333334,0.026284722222222223,La casa de papel, Parte 4, Derrube a barraca (Episódio 7),Serie TV,Madrugada
Jheysson,2020-04-09 00:33:31,00:43:20,Chrome PC (Cadmium),00:44:04,00:44:04,BR (Brazil),2020,Abril,9,0,Quinta-feira,43.333333333333336,0.7222222222222222,0.03009259259259259,La casa de papel, Parte 4, Nocaute técnico (Episódio 6),Serie TV,Madrugada
Jheysson,2020-04-07 06:02:12,00:02:31,Chrome PC (Cadmium),00:02:40,Not latest view,BR (Brazil),2020,Abril,7,6,Terça-feira,2.5166666666666666,0.041944444444444444,0.0017476851851851852,La casa de papel, Parte 4, Nocaute técnico (Episódio 6),Serie TV,Manhã
Jheysson,2020-04-07 04:59:42,00:39:42,Chrome PC (Cadmium),00:40:49,00:40:49,BR (Brazil),2020,Abril,7,4,Terça-feira,39.7,0.6616666666666667,0.02756944444444445,La casa de papel, Parte 4, Cinco minutos antes (Episódio 5),Serie TV,Madrugada
Jheysson,2020-04-07 03:41:58,00:50:49,Chrome PC (Cadmium),00:51:26,00:51:26,BR (Brazil),2020,Abril,7,3,Terça-feira,50.81666666666667,0.8469444444444445,0.035289351851851856,La casa de papel, Parte 4, Suspiros da Espanha (Episódio 4),Serie TV,Madrugada
Jheysson,2020-04-07 03:39:04,00:02:50,Chrome PC (Cadmium),00:40:21,00:40:21,BR (Brazil),2020,Abril,7,3,Terça-feira,2.8333333333333335,0.04722222222222223,0.001967592592592593,La casa de papel, Parte 4, Aula de anatomia (Episódio 3),Serie TV,Madrugada
Jheysson,2020-04-07 02:17:40,00:02:29,Chrome PC (Cadmium),00:02:42,Not latest view,BR (Brazil),2020,Abril,7,2,Terça-feira,2.4833333333333334,0.04138888888888889,0.0017245370370370372,La casa de papel, Parte 4, Aula de anatomia (Episódio 3),Serie TV,Madrugada
Jheysson,2020-04-05 06:23:32,00:40:11,Chrome PC (Cadmium),00:40:16,Not latest view,BR (Brazil),2020,Abril,5,6,Domingo,40.18333333333333,0.6697222222222222,0.027905092592592592,La casa de papel, Parte 4, Aula de anatomia (Episódio 3),Serie TV,Manhã
Jheysson,2020-04-05 06:14:03,00:09:28,Chrome PC (Cadmium),00:42:45,00:42:45,BR (Brazil),2020,Abril,5,6,Domingo,9.466666666666667,0.15777777777777777,0.006574074074074073,La casa de papel, Parte 4, Casamento de Berlim (Episódio 2),Serie TV,Manhã
Jheysson,2020-04-05 04:25:40,00:32:19,Chrome PC (Cadmium),00:33:17,Not latest view,BR (Brazil),2020,Abril,5,4,Domingo,32.31666666666667,0.5386111111111112,0.02244212962962963,La casa de papel, Parte 4, Casamento de Berlim (Episódio 2),Serie TV,Madrugada
Jheysson,2020-04-04 18:23:03,00:50:56,Chrome PC (Cadmium),00:51:00,00:51:00,BR (Brazil),2020,Abril,4,18,Sábado,50.93333333333333,0.8488888888888888,0.035370370370370365,La casa de papel, Parte 4, Fim de jogo (Episódio 1),Serie TV,Madrugada
Jheysson,2020-04-02 04:51:44,00:16:52,Chrome PC (Cadmium),02:02:43,02:02:43,BR (Brazil),2020,Abril,2,4,Quinta-feira,16.866666666666667,0.28111111111111114,0.011712962962962965,Epidemia,,,Filme,Madrugada
Jheysson,2020-04-02 00:19:54,01:45:50,Chrome PC (Cadmium),01:45:50,Not latest view,BR (Brazil),2020,Abril,2,0,Quinta-feira,105.83333333333333,1.7638888888888888,0.07349537037037036,Epidemia,,,Filme,Madrugada
Jheysson,2020-03-29 05:49:08,02:12:54,Chrome PC (Cadmium),02:11:53,02:11:53,BR (Brazil),2020,Março,29,5,Domingo,132.9,2.2150000000000003,0.09229166666666667,Invencível,,,Filme,Madrugada
